,urls,restaurants,stars,status,address,place_id,name
0,https://www.nytimes.com/2021/03/08/dining/wheated-pizza-washington-squares.html,wheated pizza washington squares,0,OPERATIONAL,"905 Church Ave, Brooklyn, NY 11218, United States",ChIJIYCk0DpbwokRZaTcJmohk1Y,Wheated
1,https://www.nytimes.com/2021/03/01/dining/winner-restaurant-review.html,winner ,0,OPERATIONAL,"367 7th Ave, Brooklyn, NY 11215, United States",ChIJg8UZJyNbwokR0-LkfR8MPJQ,WINNER
2,https://www.nytimes.com/2021/02/12/dining/falansai-review-vietnamese-food.html,falansai vietnamese food,0,OPERATIONAL,"112 Harrison Pl, Brooklyn, NY 11237, United States",ChIJc11gFQJcwokRcOejfRbBPpo,Falansai
3,https://www.nytimes.com/2020/12/01/dining/ayat-review-palestinian-food.html,ayat palestinian food,0,OPERATIONAL,"8504 3rd Ave, Brooklyn, NY 11209, United States",ChIJBSKRV89PwokRcofsyKk26CM,Ayat
4,https://www.nytimes.com/2020/11/23/dining/bilao-review.html,bilao,0,OPERATIONAL,"1437 1st Avenue Store 1, New York, NY 10021, United States",ChIJierqy1ZZwokR9eCcG1n0hXU,BILAO
5,https://www.nytimes.com/2020/11/10/dining/silver-apricot-review.html,silver apricot,0,OPERATIONAL,"20 Cornelia St, New York, NY 10014, United States",ChIJMZwTwIZZwokRbGe13N3omtU,Silver Apricot
6,https://www.nytimes.com/2020/10/27/dining/mokyo-review.html,mokyo,0,OPERATIONAL,"109 St Marks Pl, New York, NY 10009, United States",ChIJHxQBcypZwokR7-D3oe4V6Go,Mokyo
7,https://www.nytimes.com/2020/10/20/dining/pata-paplean-queens-review.html,pata paplean queens,0,OPERATIONAL,"76-21 Woodside Ave, Queens, NY 11373, United States",ChIJNUjb4RhfwokRZ7BlfpHsF3Q,Pata Paplean
8,https://www.nytimes.com/2020/10/06/dining/kokomo-brooklyn-review.html,kokomo brooklyn,0,OPERATIONAL,"65 Kent Ave, Brooklyn, NY 11249, United States",ChIJ9-EhOXlZwokRSdB_B9mYM30,Kokomo
9,https://www.nytimes.com/2020/09/21/dining/rangoon-review-burmese-food-nyc.html,rangoon burmese food nyc,0,OPERATIONAL,"500 Prospect Pl, Brooklyn, NY 11238, United States",ChIJPVpAZZFbwokR0ZVG6GK19nM,Rangoon
10,https://www.nytimes.com/2019/10/29/dining/peter-luger-review-pete-wells.html,peter luger ,0,OPERATIONAL,"178 Broadway, Brooklyn, NY 11211, United States",ChIJR_bK295bwokR8gM6QgEdmkY,Peter Luger Steak House
11,https://www.nytimes.com/2017/01/24/dining/fowler-and-wells-restaurant-review-beekman-hotel.html,fowler and wells  beekman hotel,2,OPERATIONAL,"123 Nassau St, New York, NY 10038, United States",ChIJq6r-exhawokRKgBzzPkn57U,"The Beekman, a Thompson Hotel"
12,https://www.nytimes.com/2015/09/23/dining/restaurant-review-gabriel-kreuther-in-midtown.html, gabriel kreuther in midtown,3,OPERATIONAL,"41 W 42nd St, New York, NY 10036, United States",ChIJw_TGEwBZwokR-zLts543O-4,Gabriel Kreuther
13,https://www.nytimes.com/2019/03/19/dining/odo-restaurant-review.html,odo ,3,OPERATIONAL,"17 W 20th St, New York, NY 10011, United States",ChIJlRDB34FZwokRUVAP-qsAoUY,odo
14,https://www.nytimes.com/2016/12/13/dining/best-restaurant-dishes-in-nyc-pete-wells.html,best  dishes in nyc ,0,OPERATIONAL,"38 E 23rd St, New York, NY 10010, United States",ChIJS3sdSaFZwokRl-wVEZtJ2_I,Xi'an Famous Foods 西安名吃
15,https://www.nytimes.com/2018/09/11/dining/sofreh-review.html,sofreh,2,OPERATIONAL,"75 St Marks Ave, Brooklyn, NY 11217, United States",ChIJK9DnCNlbwokR499xR5NXZII,Sofreh
16,https://www.nytimes.com/2015/06/10/dining/restaurant-review-mission-chinese-food-on-the-lower-east-side.html, mission chinese food ,2,OPERATIONAL,"599 Johnson Ave, Brooklyn, NY 11237, United States",ChIJQwWBd3NfwokRv9bSxdUttXY,Mission
17,https://www.nytimes.com/2012/05/09/dining/reviews/frej-brooklyn-restaurant-review.html,frej brooklyn ,0,CLOSED_PERMANENTLY,"90 Wythe Ave, Brooklyn, NY 11249, United States",ChIJzXBUSV1ZwokR9hxlX-kCvk8,Frej
18,https://www.nytimes.com/2013/11/20/dining/reviews/wines-for-thanksgiving-mixing-without-trying-to-match.html,wines for thanksgiving mixing without trying to match,0,OPERATIONAL,"127 Orchard St, New York, NY 10002, United States",ChIJ53yq2oZZwokRqIHSP4qZT3o,Russ & Daughters Cafe
19,https://www.nytimes.com/2012/02/22/dining/reviews/allswell-nyc-restaurant-review.html,allswell nyc ,0,OPERATIONAL,"124 Bedford Ave, Brooklyn, NY 11211, United States",ChIJa7Bx-1xZwokRLAsf1yepN3Y,Allswell
20,https://www.nytimes.com/2016/05/25/dining/indian-accent-restaurant-review.html,indian accent ,2,OPERATIONAL,"123 W 56th St, New York, NY 10019, United States",ChIJ5zM53_lYwokREUcpQkveG1w,Indian Accent
21,https://www.nytimes.com/2018/09/18/dining/shoji-at-69-leonard-street-review.html,shoji at 69 leonard street,3,OPERATIONAL,"69 Leonard St, New York, NY 10013, United States",ChIJnbEEPiBawokRN3BGCWpw2nE,Shoji at 69 Leonard Street
22,https://www.nytimes.com/2012/01/11/dining/reviews/onegin-nyc-restaurant-review.html,onegin nyc ,0,CLOSED_PERMANENTLY,"391 6th Ave, New York, NY 10014, United States",ChIJfTa2r5ZZwokRovMXB0zmFR8,Onegin
23,https://www.nytimes.com/2012/03/07/dining/reviews/pok-pok-wing-on-the-lower-east-side.html,pok pok wing ,0,CLOSED_PERMANENTLY,"137 Rivington St, New York, NY 10002, United States",ChIJx8sGD4FZwokRisnXoX4l58A,Pok Pok Phat Thai
24,https://www.nytimes.com/2015/08/12/dining/restaurant-review-chevalier-in-midtown.html, chevalier in midtown,2,CLOSED_PERMANENTLY,"30 W 53rd St, New York, NY 10019, United States",ChIJZfTHY_lYwokRLtaqCCzLyNk,Chevalier
25,https://www.nytimes.com/2015/07/15/dining/restaurant-review-rebelle-in-nolita.html, rebelle in nolita,2,CLOSED_PERMANENTLY,"218 Bowery, New York, NY 10012, United States",ChIJ2y3ACYZZwokRYIlh686SWnA,Rebelle
26,https://www.nytimes.com/2016/10/19/dining/karasu-zadies-oyster-room-review.html,karasu zadies oyster room,1,CLOSED_PERMANENTLY,"413 E 12th St, New York, NY 10009, United States",ChIJgWZ8A3ZZwokRQim6p1O7WRo,Zadie's Oyster Room
27,https://www.nytimes.com/2011/11/09/dining/reviews/wines-for-thanksgiving-dinner-review.html,wines for thanksgiving dinner,0,OPERATIONAL,"200 5th Ave, New York, NY 10010, United States",ChIJaeKcEaRZwokRcllXm5cM7J0,Eataly NYC Flatiron
28,https://www.nytimes.com/2016/01/13/dining/pete-wells-per-se-review.html, per se,2,OPERATIONAL,"4th Floor Time Warner Center, 10 Columbus Cir, New York, 10019, United States",ChIJp3PsL_ZYwokRZYqs_40RJF4,Per Se
29,https://www.nytimes.com/2016/06/22/dining/grunauer-bistro-review.html,grunauer bistro,1,CLOSED_PERMANENTLY,"1578 1st Avenue, New York, NY 10028, United States",ChIJu5sldLlYwokRSxvudkcXY9M,Grünauer Bistro
30,https://www.nytimes.com/2016/09/07/dining/cassia-santa-monica-restaurant-review-pete-wells.html,cassia santa monica  ,3,OPERATIONAL,"1314 7th St, Santa Monica, CA 90401, United States",ChIJ5Zhalc6kwoARtLmpjVXdKy8,Cassia
31,https://www.nytimes.com/2015/08/05/dining/restaurant-review-untitled-at-the-whitney-in-the-meatpacking-district.html, untitled at the whitney in the meatpacking district,2,OPERATIONAL,"99 Gansevoort St #8, New York, NY 10014, United States",ChIJYQojLsBZwokRDcUvWtjk6Xc,Studio Cafe
32,https://www.nytimes.com/2019/12/03/dining/nami-nori-review-pete-wells.html,nami nori ,2,OPERATIONAL,"33 Carmine St, New York, NY 10014, United States",ChIJcfbyqFNZwokRUoBP92II4c0,Nami Nori
33,https://www.nytimes.com/2016/02/10/dining/llama-inn-review.html,llama inn,2,OPERATIONAL,"50 Withers St, Brooklyn, NY 11211, United States",ChIJD6vUMlpZwokRSFeGSBW_gvU,Llama Inn
34,https://www.nytimes.com/2016/04/13/dining/i-sodi-restaurant-review.html,i sodi ,2,OPERATIONAL,"105 Christopher St, New York, NY 10014, United States",ChIJK2mBYJNZwokRIT4oANQ6OFY,I Sodi
35,https://www.nytimes.com/2016/02/03/dining/benoit-review.html,benoit,2,OPERATIONAL,"60 W 55th St, New York, NY 10019, United States",ChIJ397qiflYwokRx2AOUyRXMMo,Benoit New York
36,https://www.nytimes.com/2014/05/14/dining/restaurant-review-el-quinto-pino-in-chelsea.html, el quinto pino in chelsea,2,CLOSED_TEMPORARILY,"401 W 24th St, New York, NY 10011, United States",ChIJBebE-blZwokRPAicjsiyGRE,El Quinto Pino
37,https://www.nytimes.com/2013/09/18/dining/reviews/restaurant-review-estela-in-nolita.html, estela in nolita,2,OPERATIONAL,"47 E Houston St 1st floor, New York, NY 10012, United States",ChIJf3f-f4VZwokRcBCEciTOGRQ,Estela
38,https://www.nytimes.com/2018/12/31/dining/hwaban-korean-restaurant-review.html,hwaban korean ,2,CLOSED_TEMPORARILY,"55 W 19th St, New York, NY 10011, United States",ChIJVVV5OaNZwokRB_2PdjeV5uE,Hwaban
39,https://www.nytimes.com/2014/01/29/dining/restaurant-review-m-wells-steakhouse-in-long-island-city-queens.html, m wells steakhouse in long island city queens,1,OPERATIONAL,"43-15 Crescent St, Long Island City, NY 11101, United States",ChIJGQFa8SlZwokRjkygUnetCuc,M. Wells
40,https://www.nytimes.com/2017/12/19/dining/wallse-review-austrian-restaurant.html,wallse austrian ,1,OPERATIONAL,"344 W 11th St, New York, NY 10014, United States",ChIJG3s3FOtZwokR_4_2VL14m0Q,Wallsé
41,https://www.nytimes.com/2016/05/11/dining/cafe-altro-paradiso-review.html,cafe altro paradiso,2,OPERATIONAL,"234 Spring St, New York, NY 10013, United States",ChIJm3rL5YxZwokRWk_MgQ_fuAk,Altro Paradiso
42,https://www.nytimes.com/2018/03/27/dining/chez-ma-tante-review-brookyn.html,chez ma tante brookyn,2,CLOSED_TEMPORARILY,"90 Calyer St, Brooklyn, NY 11222, United States",ChIJe94ViUFZwokRTJ3cQOMhFdI,Chez Ma Tante
43,https://www.nytimes.com/2016/03/30/dining/lilia-restaurant-review.html,lilia ,3,OPERATIONAL,"567 Union Ave, Brooklyn, NY 11211, United States",ChIJJXCD6ltZwokRJ_cwjKQH63c,Lilia
44,https://www.nytimes.com/2014/04/30/dining/restaurant-review-cagen-in-the-east-village-and-ristorante-morini-on-the-upper-east-side.html, cagen in the east village and ristorante morini on the upper east side,2,CLOSED_PERMANENTLY,"1167 Madison Ave, New York, NY 10028, United States",ChIJl93fWr1YwokRIyY720b3lfU,Morini
45,https://www.nytimes.com/2016/10/12/dining/pondicheri-restaurant-review.html,pondicheri ,2,CLOSED_PERMANENTLY,"15 W 27th St, New York, NY 10001, United States",ChIJl69BcqZZwokRmRQ4API_V_E,Pondicheri
46,https://www.nytimes.com/2015/08/19/dining/restaurant-review-oiji-in-the-east-village.html, oiji in the east village,2,OPERATIONAL,"119 1st Avenue, New York, NY 10003, United States",ChIJ9_VJHp1ZwokRRhe-9rLmBb8,Oiji
47,https://www.nytimes.com/2017/04/11/dining/torishin-review-japanese-yakitori.html,torishin japanese yakitori,3,OPERATIONAL,"362 W 53rd St, New York, NY 10019, United States",ChIJlUslZldYwokRcn6kVUP-9Io,Yakitori Torishin
48,https://www.nytimes.com/2016/11/09/dining/paowalla-review.html,paowalla,2,CLOSED_PERMANENTLY,"195 Spring St, New York, NY 10012, United States",ChIJAQDcUIxZwokRfuEzOvFJeF8,Paowalla
49,https://www.nytimes.com/2017/04/04/dining/babbo-review-pete-wells.html,babbo ,2,OPERATIONAL,"110 Waverly Pl, New York, NY 10011, United States",ChIJ0cr5SZFZwokRqThsmC5Caes,Babbo
50,https://www.nytimes.com/2015/10/07/dining/restaurant-review-wildair-on-the-lower-east-side.html, wildair ,2,OPERATIONAL,"142 Orchard St, New York, NY 10002, United States",ChIJfZsx0ClawokRCNMYMdZ_smg,Wildair
51,https://www.nytimes.com/2018/10/02/dining/village-cafe-review-brooklyn.html,village cafe brooklyn,2,OPERATIONAL,"1968 Coney Island Ave, Brooklyn, NY 11223, United States",ChIJna0sf-tEwokRYnVW5JRHDnc,Village Cafe
52,https://www.nytimes.com/2017/05/02/dining/loring-place-review-greenwich-village.html,loring place greenwich village,2,OPERATIONAL,"21 W 8th St, New York, NY 10011, United States",ChIJ69NaKJdZwokR3CamunXyYig,Loring Place
53,https://www.nytimes.com/2018/05/22/dining/wokuni-sushi-japanese-restaurant.html,wokuni sushi japanese ,1,OPERATIONAL,"327 Lexington Ave, New York, NY 10016, United States",ChIJQWyoqwZZwokRbsy5pIm3LRg,WOKUNI
54,https://www.nytimes.com/2015/09/30/dining/restaurant-review-houseman-in-hudson-square.html, houseman in hudson square,2,OPERATIONAL,"508 Greenwich St, New York, NY 10013, United States",ChIJn9skCvNZwokRk7K5S6cBxe0,Houseman
55,https://www.nytimes.com/2014/09/03/dining/restaurant-review-bar-primi-in-the-east-village.html, bar primi in the east village,2,OPERATIONAL,"325 Bowery, New York, NY 10003, United States",ChIJSW8U34RZwokR-UhuJkjLDvk,Bar Primi
56,https://www.nytimes.com/2014/03/19/dining/restaurant-review-rotisserie-georgette-on-the-upper-east-side.html, rotisserie georgette on the upper east side,2,CLOSED_PERMANENTLY,"14 E 60th St, New York, NY 10022, United States",ChIJAUorGfBYwokRzWgbplACCGE,Rotisserie Georgette
57,https://www.nytimes.com/2017/11/07/dining/sen-sakana-review-peruvian-food-nikkei.html,sen sakana peruvian food nikkei,1,CLOSED_TEMPORARILY,"28 W 44th St, New York, NY 10036, United States",ChIJEb9X4P9YwokRQHgAN_yR_58,Sen Sakana
58,https://www.nytimes.com/2014/01/22/dining/restaurant-review-han-dynasty-in-the-east-village-and-hirohisa-in-soho.html, han dynasty in the east village and hirohisa in soho,1,OPERATIONAL,"90 3rd Ave, New York, NY 10003, United States",ChIJx3Nrt55ZwokRP3Xiw0TGnKE,Han Dynasty
59,https://www.nytimes.com/2018/07/03/dining/restaurant-nippon-review.html, nippon,1,OPERATIONAL,"155 E 52nd St, New York, NY 10022, United States",ChIJ88QfReNYwokRDwlvNwkIFVQ,Nippon
60,https://www.nytimes.com/2017/02/21/dining/sahib-review-indian-restaurant-nyc.html,sahib indian  nyc,2,OPERATIONAL,"104 Lexington Ave, New York, NY 10016, United States",ChIJIaUv1glZwokRy7QlU-DVDYo,Sahib
61,https://www.nytimes.com/2012/11/14/dining/reviews/wines-that-make-friends-easily-at-a-crowded-thanksgiving-table.html,wines that make friends easily at a crowded thanksgiving table,0,,,,
62,https://www.nytimes.com/2017/03/28/dining/augustine-review-french-food-nyc-keith-mcnally.html,augustine french food nyc keith mcnally,1,CLOSED_PERMANENTLY,"5 Beekman St, New York, NY 10038, United States",ChIJv1z7exhawokRDZctDiN6D8o,Augustine
63,https://www.nytimes.com/2016/12/27/dining/the-odeon-review.html,the odeon,1,OPERATIONAL,"145 W Broadway, New York, NY 10013, United States",ChIJS-u0mB9awokRZ7H0sa9Oy-U,The Odeon
64,https://www.nytimes.com/2016/11/22/dining/fish-cheeks-review-restaurant-noho.html,fish cheeks  noho,1,OPERATIONAL,"55 Bond St, New York, NY 10012, United States",ChIJgc7fPIVZwokRQMnqTxTf_Qk,Fish Cheeks
65,https://www.nytimes.com/2016/09/14/dining/hao-noodle-and-tea-by-madam-zhus-kitchen-review.html,hao noodle and tea by madam zhus kitchen,2,OPERATIONAL,"401 6th Ave, New York, NY 10014, United States",ChIJzc-sGvpZwokRvu4gXtUoejs,Hao Noodle
66,https://www.nytimes.com/2013/11/27/dining/reviews/restaurant-review-somtum-der-in-the-east-village.html, somtum der in the east village,1,OPERATIONAL,"85 Avenue A, New York, NY 10009, United States",ChIJY_1BtoJZwokR-sB-pdEPW44,Somtum Der
67,https://www.nytimes.com/2015/07/22/dining/restaurant-review-lupulo-in-chelsea.html, lupulo in chelsea,2,CLOSED_PERMANENTLY,"835 6th Ave, New York, NY 10001, United States",ChIJTwvOQq9ZwokRCX6BOSPicKs,Lupulo
68,https://www.nytimes.com/2018/05/15/dining/simon-and-the-whale-restaurant-review-flatiron.html,simon and the whale  flatiron,2,CLOSED_TEMPORARILY,"23 Lexington Ave, New York, NY 10010, United States",ChIJRy3WuaBZwokR5N2nQH6vFLE,Simon & The Whale
69,https://www.nytimes.com/2012/04/11/dining/reviews/kyo-ya-nyc-restaurant-review.html,kyo ya nyc ,0,CLOSED_PERMANENTLY,"94 E 7th St, New York, NY 10009, United States",ChIJATRXJJ1ZwokRHeym7v0u5qI,Kyo Ya
70,https://www.nytimes.com/2016/10/05/dining/carla-hall-southern-kitchen-review.html,carla hall southern kitchen,1,CLOSED_PERMANENTLY,"115 Columbia St, Brooklyn, NY 11201, United States",ChIJ6YSZpVxawokRgz2RVcrWkMk,Carla Hall’s Southern Kitchen
71,https://www.nytimes.com/2017/05/22/dining/italienne-review-restaurant-jared-sippel.html,italienne  jared sippel,1,CLOSED_TEMPORARILY,"19 W 24th St, New York, NY 10010, United States",ChIJRaIKR6RZwokRWhESHR7HmOY,Trattoria Italienne
72,https://www.nytimes.com/2016/03/16/dining/insa-restaurant-review.html,insa ,2,OPERATIONAL,"328 Douglass St, Brooklyn, NY 11217, United States",ChIJo-EvNqtbwokRjZnXUY-cyCk,Insa
73,https://www.nytimes.com/2016/02/24/dining/little-pepper-review.html,little pepper,2,OPERATIONAL,"18-24 College Point Blvd, College Point, NY 11356, United States",ChIJ1ec4s1P1wokRUK_74W1Q0q0,Little Pepper
74,https://www.nytimes.com/2013/07/31/dining/reviews/restaurant-review-abc-cocina-in-manhattan.html, abc cocina in manhattan,2,OPERATIONAL,"35 E 18th St, New York, NY 10003, United States",ChIJSXmIIqJZwokRIhhDroV3qX8,ABC Kitchen
75,https://www.nytimes.com/2017/09/19/dining/prune-review.html,prune,2,CLOSED_TEMPORARILY,"54 E 1st St, New York, NY 10003, United States",ChIJBe5lh4RZwokRBkl8OgpQsZI,Prune
76,https://www.nytimes.com/2015/05/27/dining/restaurant-review-aquavit-in-midtown.html, aquavit in midtown,3,OPERATIONAL,"65 E 55th St, New York, NY 10022, United States",ChIJWfonJ_tYwokRwIGb6Im403E,Aquavit
77,https://www.nytimes.com/2015/05/20/dining/restaurant-review-javelina-in-gramercy-park.html, javelina in gramercy park,0,OPERATIONAL,"119 E 18th St, New York, NY 10003, United States",ChIJQYXk6aFZwokR4HgRvh-uhek,Javelina
78,https://www.nytimes.com/2016/02/17/dining/pizza-moto-review.html,pizza moto,1,OPERATIONAL,"338 Hamilton Ave, Brooklyn, NY 11231, United States",ChIJOyYrUB9bwokRd1HS3v6EkD4,Pizza Moto
79,https://www.nytimes.com/2019/01/15/dining/benno-restaurant-review.html,benno ,3,OPERATIONAL,"7 E 27th St, New York, NY 10016, United States",ChIJW1hwqPtZwokRZkpVIP-dwW8,Benno Restaurant
80,https://www.nytimes.com/2019/01/15/dining/benno-restaurant-review.html,benno ,3,OPERATIONAL,"7 E 27th St, New York, NY 10016, United States",ChIJW1hwqPtZwokRZkpVIP-dwW8,Benno Restaurant
81,https://www.nytimes.com/2018/02/13/dining/hwa-yuan-szechuan-review-chinese-food.html,hwa yuan szechuan chinese food,2,OPERATIONAL,"42 E Broadway, New York, NY 10002, United States",ChIJDS02PiZawokRUHmiu65dXy0,Hwa Yuan Szechuan 華園
82,https://www.nytimes.com/2019/03/12/dining/cka-ka-qellu-review.html,cka ka qellu,2,OPERATIONAL,"2321 Hughes Ave, The Bronx, NY 10458, United States",ChIJddi0Qof0wokRQGSTDJMZzHc,Çka Ka Qellu
83,https://www.nytimes.com/2018/11/27/dining/saint-julivert-fisherie-review.html,saint julivert fisherie,1,OPERATIONAL,"264 Clinton St, Brooklyn, NY 11201, United States",ChIJC_-pxFdbwokRuPw-9HZucGA,Saint Julivert
84,https://www.nytimes.com/2016/03/23/dining/lowlife-restaurant-review.html,lowlife ,1,CLOSED_PERMANENTLY,"178 Stanton St, New York, NY 10002, United States",ChIJixMn8YFZwokRit2t9qjj9yo,Lowlife
85,https://www.nytimes.com/2015/12/02/dining/vaucluse-review.html,vaucluse,1,CLOSED_PERMANENTLY,"100 E 63rd St, New York, NY 10065, United States",ChIJPwGYBO9YwokRwePwcVC3xVo,Vaucluse
86,https://www.nytimes.com/2014/04/02/dining/restaurant-review-the-peacock-and-the-shakespeare-in-midtown.html, the peacock and the shakespeare in midtown,1,CLOSED_TEMPORARILY,"24 E 39th St, New York, NY 10016, United States",ChIJI7jw2ABZwokR_N3wkrCRL0A,The Shakespeare
87,https://www.nytimes.com/2014/03/12/dining/restaurant-review-contra-on-the-lower-east-side.html, contra ,2,OPERATIONAL,"138 Orchard St, New York, NY 10002, United States",ChIJT1joy4ZZwokRQOu1I_pG85Q,Contra
88,https://www.nytimes.com/2016/06/15/dining/le-coq-rico-review.html,le coq rico,2,OPERATIONAL,"30 E 20th St, New York, NY 10003, United States",ChIJbSqiKqJZwokRoXkYlEwyb8Y,Francis & Staub- La Rotisserie
89,https://www.nytimes.com/2017/07/25/dining/atla-review-mexican-restaurant-noho.html,atla mexican  noho,2,OPERATIONAL,"372 Lafayette St, New York, NY 10012, United States",ChIJLSOKsppZwokR_j81qK3aPsM,ATLA
90,https://www.nytimes.com/2016/09/21/dining/gunter-seeger-ny-review.html,gunter seeger ny,2,CLOSED_PERMANENTLY,"641 Hudson St, New York, NY 10014, United States",ChIJw2R55b9ZwokRACCH6kNRgMU,Gunter Seeger NY
91,https://www.nytimes.com/2016/08/10/dining/olmsted-restaurant-review.html,olmsted ,2,OPERATIONAL,"659 Vanderbilt Ave, Brooklyn, NY 11238, United States",ChIJ_dqqUKZbwokRAFWuNg_IkAs,Olmsted
92,https://www.nytimes.com/2016/07/13/dining/mimi-restaurant-review.html,mimi ,1,OPERATIONAL,"185 Sullivan St, New York, NY 10012, United States",ChIJQW1zApJZwokRetpvKUNgkk8,MIMI
93,https://www.nytimes.com/2016/06/29/dining/freeks-mill-review.html,freeks mill,2,CLOSED_PERMANENTLY,"285 Nevins St, Brooklyn, NY 11217, United States",ChIJC6qiT1RawokRVuGnHYgPVyQ,Freek's Mill
94,https://www.nytimes.com/2015/02/18/dining/restaurant-review-shuko-in-the-east-village.html, shuko in the east village,3,OPERATIONAL,"47 E 12th St, New York, NY 10003, United States",ChIJe8WrB5lZwokREBs3DZYJyKc,Shuko
95,https://www.nytimes.com/2015/12/23/dining/wassail-review.html,wassail,1,CLOSED_PERMANENTLY,"162 Orchard St, New York, NY 10002, United States",ChIJFQ6hVoFZwokRKJVrrZ1reJE,Wassail
96,https://www.nytimes.com/2015/10/21/dining/restaurant-review-bruno-east-village.html, bruno east village,0,CLOSED_PERMANENTLY,"204 E 13th St, New York, NY 10003, United States",ChIJq2Gt6p5ZwokRAsAatkpvsbQ,Bruno Pizza
97,https://www.nytimes.com/2014/03/26/dining/restaurant-review-allonda-in-greenwich-village.html, allonda in greenwich village,2,CLOSED_PERMANENTLY,"22 E 13th St, New York, NY 10003, United States",ChIJmwCqSZhZwokRaIYiccesPxk,All'onda
98,https://www.nytimes.com/2013/11/06/dining/reviews/restaurant-review-quality-italian-in-midtown.html, quality italian in midtown,1,OPERATIONAL,"57 W 57th St, New York, NY 10019, United States",ChIJsTgQqfBYwokRU3iwRQ4U0Hc,Quality Italian
99,https://www.nytimes.com/2013/06/26/dining/reviews/restaurant-review-lafayette-in-noho.html, lafayette in noho,1,OPERATIONAL,"380 Lafayette St, New York, NY 10003, United States",ChIJBVtTt5pZwokR48CgdYqHma8,Lafayette Grand Café & Bakery
100,https://www.nytimes.com/2014/04/23/dining/restaurant-review-telepan-local-in-tribeca.html, telepan local in tribeca,1,CLOSED_PERMANENTLY,"329 Greenwich St, New York, NY 10013, United States",ChIJLV7vRB5awokRJ9PwpvkNAkI,Telepan Local
101,https://www.nytimes.com/2014/01/01/dining/reviews/restaurant-review-toro.html, toro,2,CLOSED_PERMANENTLY,"85 10th Avenue Entrance on 15th St and, 11th Ave, New York, NY 10011, United States",ChIJK1j_xcBZwokR1swlgiseyFM,Toro NYC
102,https://www.nytimes.com/2018/11/13/dining/misi-restaurant-review.html,misi ,3,OPERATIONAL,"329 Kent Ave, Brooklyn, NY 11249, United States",ChIJw7SsU_pZwokREyGSSulF53U,Misi
103,https://www.nytimes.com/2017/08/08/dining/nur-review-middle-eastern-restaurant.html,nur middle eastern ,2,CLOSED_TEMPORARILY,"34 E 20th St, New York, NY 10003, United States",ChIJ5-VqgKFZwokR7_6eCK4IsUI,Nur
104,https://www.nytimes.com/2016/11/16/dining/tsurutontan-udon-noodle-brasserie-restaurant-review.html,tsurutontan udon noodle brasserie ,1,OPERATIONAL,"21E E 16th St, New York, NY 10003, United States",ChIJ-SIzeqJZwokRcTLUzrb8Xd8,Tsurutontan Udon Noodle Brasserie
105,https://www.nytimes.com/2015/05/13/dining/restaurant-review-fung-tu-on-the-lower-east-side.html, fung tu ,2,OPERATIONAL,"22 Orchard St, New York, NY 10002, United States",ChIJmz2PtilawokRLesoFstDj_o,FunGTU
106,https://www.nytimes.com/2013/12/04/dining/reviews/restaurant-review-charlie-bird-in-soho.html, charlie bird in soho,1,OPERATIONAL,"5 King St, New York, NY 10012, United States",ChIJe_ZBhY1ZwokRGAEwGLWYpA8,Charlie Bird
107,https://www.nytimes.com/2018/10/09/dining/manhatta-restaurant-review.html,manhatta ,1,CLOSED_TEMPORARILY,"28 Liberty St 60th floor, New York, NY 10005, United States",ChIJoTXWl8dbwokRpKA2BJFVsGA,Manhatta
108,https://www.nytimes.com/2017/02/14/dining/chinese-tuxedo-restaurant-review.html,chinese tuxedo ,2,CLOSED_TEMPORARILY,"5 Doyers St, New York, NY 10013, United States",ChIJyW-u9iZawokRY1sHXGzZHGI,Chinese Tuxedo
109,https://www.nytimes.com/2017/11/14/dining/cote-review-korean-barbecue.html,cote korean barbecue,2,OPERATIONAL,"16 W 22nd St, New York, NY 10010, United States",ChIJQ1R3hKNZwokRQM4wbIrc00o,COTE Korean Steakhouse
110,https://www.nytimes.com/2018/03/06/dining/dadong-review-midtown-chinese-peking-duck.html,dadong midtown chinese peking duck,0,CLOSED_PERMANENTLY,"3 Bryant Park, New York, NY 10036, United States",ChIJVQck0KpZwokRh_uOtmlngzs,DaDong
111,https://www.nytimes.com/2017/09/26/dining/cervos-review-restaurant.html,cervos ,1,OPERATIONAL,"43 Canal St, New York, NY 10002, United States",ChIJp_UkrilawokRtDAS5sls7jo,Cervo's
112,https://www.nytimes.com/2016/04/06/dining/le-turtle-restaurant-review.html,le turtle ,1,CLOSED_PERMANENTLY,"177 Chrystie St, New York, NY 10002, United States",ChIJxd843idawokR2mDNq7VpvLM,Le Turtle
113,https://www.nytimes.com/2014/02/26/dining/restaurant-review-dover-in-carroll-gardens-brooklyn.html, dover in carroll gardens brooklyn,2,CLOSED_PERMANENTLY,"412 Court St, Brooklyn, NY 11231, United States",ChIJHZHe_q9cwokRLp3Yjj3BjxM,Dover
114,https://www.nytimes.com/2017/01/10/dining/flora-bar-review.html,flora bar,2,CLOSED_TEMPORARILY,"945 Madison Ave, New York, NY 10021, United States",ChIJe3cd65RYwokROvf-dv8RxTU,Flora Bar
115,https://www.nytimes.com/2016/12/20/dining/cut-by-wolfgang-puck-review.html,cut by wolfgang puck,1,OPERATIONAL,"99 Church St, New York, NY 10007, United States",ChIJ87qt5hhawokRfDHmVxCxPJY,CUT by Wolfgang Puck
116,https://www.nytimes.com/2016/07/27/dining/pasquale-jones-review-little-italy.html,pasquale jones little italy,2,OPERATIONAL,"187 Mulberry St, New York, NY 10012, United States",ChIJk-Ggw4hZwokRFn8ZTN9E2RI,Pasquale Jones
117,https://www.nytimes.com/2015/03/25/dining/restaurant-review-little-park-in-tribeca.html, little park in tribeca,2,CLOSED_TEMPORARILY,"AKA Tribeca, 85 W Broadway, New York, NY 10007, United States",ChIJUZ62Jh9awokRtnvnQpPF3rY,Little Park
118,https://www.nytimes.com/2014/02/05/dining/restaurant-review-annisa-in-greenwich-village.html, annisa in greenwich village,3,CLOSED_PERMANENTLY,"13 Barrow St, New York, NY 10014, United States",ChIJcT1-jpNZwokREm_ls2oe4Kw,Annisa
119,https://www.nytimes.com/2011/06/15/dining/reviews/maison-premiere-in-brooklyn-nyc-restaurant-review.html,maison premiere in brooklyn nyc ,0,CLOSED_TEMPORARILY,"298 Bedford Ave, Brooklyn, NY 11249, United States",ChIJW_WGT2BZwokRNpvZ4k3lVcs,Maison Premiere
120,https://www.nytimes.com/2016/04/27/dining/chaiwali-review-indian-food-harlem.html,chaiwali indian food harlem,1,OPERATIONAL,"274 Lenox Ave at, W 124th St, New York, 10027, United States",ChIJQ9rXCw32wokRiJqw61w8nys,Chaiwali
121,https://www.nytimes.com/2013/09/25/dining/reviews/restaurant-review-lake-pavilion-in-flushing-queens.html, lake pavilion in flushing queens,2,OPERATIONAL,"6015 Main St, Queens, NY 11367, United States",ChIJeXfVUG9gwokRC75WD1fPQAM,Lake Pavilion
122,https://www.nytimes.com/2013/08/28/dining/reviews/restaurant-review-betony-in-midtown.html, betony in midtown,3,CLOSED_PERMANENTLY,"41 W 57th St, New York, NY 10019, United States",ChIJqwPcpvBYwokRIaJmBY0yS6Q,Betony
123,https://www.nytimes.com/2017/06/06/dining/king-restaurant-review-soho.html,king  soho,2,OPERATIONAL,"18 King St, New York, NY 10014, United States",ChIJmy2pnY1ZwokRvWDMouRmdl4,King
124,https://www.nytimes.com/2016/03/02/dining/bouley-restaurant-review.html,bouley ,3,CLOSED_PERMANENTLY,"31 W 21st St, New York, NY 10010, United States",ChIJC0SVqR9awokRjAPTlk8pUb0,Bouley at Home
125,https://www.nytimes.com/2015/11/04/dining/chomp-chomp-review.html,chomp chomp,2,CLOSED_PERMANENTLY,"7 Cornelia St, New York, NY 10014, United States",ChIJ_9IawpNZwokR-Y2UoFaHfH4,Chomp Chomp
126,https://www.nytimes.com/2014/05/21/dining/restaurant-review-the-river-cafe-at-fulton-ferry.html, the river cafe at fulton ferry,2,OPERATIONAL,"1 Water St, Brooklyn, NY 11201, United States",ChIJ2QZOdTpawokRU_eN_EPJaX8,The River Café
127,https://www.nytimes.com/2018/12/18/dining/bluebird-london-review.html,bluebird london,0,CLOSED_TEMPORARILY,"10 Columbus Cir Level 3, New York, NY 10019, United States",ChIJ144lJvZYwokR7YOrbNvt0fA,Bluebird London NYC
128,https://www.nytimes.com/2018/04/03/dining/claro-review-brooklyn-oaxacan.html,claro brooklyn oaxacan,2,OPERATIONAL,"284 3rd Ave, Brooklyn, NY 11215, United States",ChIJGVQqnFVawokRltzLtx5fMhM,Claro
129,https://www.nytimes.com/2018/12/18/dining/bluebird-london-review.html,bluebird london,0,CLOSED_TEMPORARILY,"10 Columbus Cir Level 3, New York, NY 10019, United States",ChIJ144lJvZYwokR7YOrbNvt0fA,Bluebird London NYC
130,https://www.nytimes.com/2018/08/14/dining/le-sia-review.html,le sia,1,OPERATIONAL,"651 9th Ave, New York, NY 10036, United States",ChIJq2WjhLVZwokRBNFohweL-NA,Le Sia
131,https://www.nytimes.com/2017/11/28/dining/ugly-baby-review-thai-brooklyn.html,ugly baby thai brooklyn,2,OPERATIONAL,"407 Smith St, Brooklyn, NY 11231, United States",ChIJ7RSHClhawokR-m8p8Ny_vR8,Ugly Baby
132,https://www.nytimes.com/2013/11/20/dining/reviews/restaurant-review-piora-in-the-west-village.html, piora in the west village,2,CLOSED_PERMANENTLY,"430 Hudson St, New York, NY 10014, United States",ChIJ68STMu1ZwokRZE3E0KQLG28,Piora
133,https://www.nytimes.com/2016/01/20/dining/la-chine-review.html,la chine,2,CLOSED_PERMANENTLY,"540 Lexington Ave, New York, NY 10022, United States",ChIJA1lP4PxYwokRoktXMuwyk4M,La Chine
134,https://www.nytimes.com/2013/10/30/dining/reviews/restaurant-review-hearth-in-the-east-village.html, hearth in the east village,2,OPERATIONAL,"403 E 12th St, New York, NY 10009, United States",ChIJQTZ0-Z1ZwokRhl9v1FaVF0A,Hearth
135,https://www.nytimes.com/2016/11/29/dining/bad-saint-dc-review.html,bad saint dc,3,OPERATIONAL,"3226 11th St NW, Washington, DC 20010, United States",ChIJbdq0pR7It4kRIHzjG70zNNY,Bad Saint
136,https://www.nytimes.com/2016/09/28/dining/sauvage-restaurant-review.html,sauvage ,1,CLOSED_PERMANENTLY,"905 Lorimer St, Brooklyn, NY 11222, United States",ChIJA2xoX0RZwokRArji74tmpPA,Sauvage
137,https://www.nytimes.com/2015/04/22/dining/restaurant-review-santina-in-the-meatpacking-district.html, santina in the meatpacking district,2,CLOSED_TEMPORARILY,"820 Washington St, New York, NY 10014, United States",ChIJ0184O8BZwokRn7Xj3YHRnGs,Santina
138,https://www.nytimes.com/2016/05/18/dining/momofuku-nishi-review.html,momofuku nishi,1,CLOSED_PERMANENTLY,"232 8th Ave, New York, NY 10011, United States",ChIJmdj4ubtZwokRmpmizdHJSug,Momofuku Nishi
139,https://www.nytimes.com/2016/03/09/dining/high-street-on-hudson-review.html,high street on hudson,2,OPERATIONAL,"637 Hudson St, New York, NY 10014, United States",ChIJke-X5L9ZwokRvFn8bmeiNBs,High Street on Hudson
140,https://www.nytimes.com/2014/07/16/dining/restaurant-review-grindhaus-in-red-hook-brooklyn.html, grindhaus in red hook brooklyn,2,CLOSED_PERMANENTLY,"275 Van Brunt St, Brooklyn, NY 11231, United States",ChIJJxrabYpawokR59yM90Vv8Vg,Grindhaus
141,https://www.nytimes.com/2015/07/29/dining/restaurant-review-el-rey-coffee-bar-luncheonette-on-the-lower-east-side.html, el rey coffee bar luncheonette ,1,CLOSED_PERMANENTLY,"100 Stanton St, New York, NY 10002, United States",ChIJofea4oNZwokR7cu_MTJ81hc,El Rey
142,https://www.nytimes.com/2015/04/29/dining/restaurant-review-mintons-in-harlem.html, mintons in harlem,1,OPERATIONAL,"206 W 118th St, New York, NY 10026, United States",ChIJ38jfXRH2wokR3ZewiTRd9oU,Minton's Playhouse
143,https://www.nytimes.com/2015/03/11/dining/restaurant-review-bowery-meat-company-in-the-east-village.html, bowery meat company in the east village,2,OPERATIONAL,"9 E 1st St, New York, NY 10003, United States",ChIJn8fJ_YRZwokRYiSB8y4Qneg,Bowery Meat Company
144,https://www.nytimes.com/2015/04/15/dining/restaurant-review-meat-hook-sandwich-in-williamsburg-brooklyn.html, meat hook sandwich in williamsburg brooklyn,1,OPERATIONAL,"397 Graham Ave, Brooklyn, NY 11211, United States",ChIJOYVff1pZwokRfUJCugXW69Y,The Meat Hook
145,https://www.nytimes.com/2012/11/14/dining/reviews/restaurant-review-guys-american-kitchen-bar-in-times-square.html, guys american kitchen bar in times square,0,OPERATIONAL,"220 W 44th St, New York, NY 10036, United States",ChIJBchM8lRYwokR83UBliu4AGc,Guy's American Kitchen & Bar
146,https://www.nytimes.com/2012/03/21/dining/reviews/north-end-grill-in-battery-park-city.html,north end grill in battery park city,0,CLOSED_PERMANENTLY,"104 North End Ave, New York, NY 10282, United States",ChIJIYYYZRtawokRgM_cAp5TUbk,North End Grill
147,https://www.nytimes.com/2013/12/18/dining/reviews/restaurant-review-marcos-in-prospect-heights.html, marcos in prospect heights,2,CLOSED_PERMANENTLY,"348 Flatbush Ave, Brooklyn, NY 11238, United States",ChIJw6WTkRJbwokRhbD_v3pgu5c,Marco's
148,https://www.nytimes.com/2013/10/23/dining/reviews/restaurant-review-le-restaurant-in-tribeca.html, le  in tribeca,2,OPERATIONAL,"81 W Broadway, New York, NY 10007, United States",ChIJU0lt1x5awokRcd1w1u4Ju9Q,Le Pain Quotidien
149,https://www.nytimes.com/2013/10/23/dining/reviews/restaurant-review-le-restaurant-in-tribeca.html, le  in tribeca,2,OPERATIONAL,"81 W Broadway, New York, NY 10007, United States",ChIJU0lt1x5awokRcd1w1u4Ju9Q,Le Pain Quotidien
150,https://www.nytimes.com/2013/08/14/dining/reviews/restaurant-review-costata-in-soho.html, costata in soho,2,CLOSED_PERMANENTLY,"206 Spring St, New York, NY 10012, United States",ChIJNefSV4xZwokRBFVvXhX3LUg,Costata
151,https://www.nytimes.com/2018/05/08/dining/soogil-review-east-village.html,soogil east village,2,OPERATIONAL,"108 E 4th St, New York, NY 10003, United States",ChIJgzeCUpxZwokRbd_EmbP7osI,Soogil
152,https://www.nytimes.com/2013/08/07/dining/reviews/restaurant-review-mp-taverna-astoria-in-queens.html, mp taverna astoria in queens,1,CLOSED_PERMANENTLY,"31-29 Ditmars Blvd, Astoria, NY 11105, United States",ChIJOyA4tWdfwokRO_vKNi-dXds,MP Taverna Astoria
153,https://www.nytimes.com/2013/07/03/dining/reviews/restaurant-review-uncle-boons-in-nolita.html, uncle boons in nolita,2,CLOSED_PERMANENTLY,"7 Spring St, New York, NY 10012, United States",ChIJ5dgFHIZZwokRlGU38pcvZdU,Uncle Boons
154,https://www.nytimes.com/2013/04/24/dining/reviews/restaurant-review-randazzos-clam-bar-in-sheepshead-bay.html, randazzos clam bar in sheepshead bay,1,OPERATIONAL,"2017 Emmons Ave, Brooklyn, NY 11235, United States",ChIJU-MJFmVEwokRAbOSlHM0eRI,Randazzo's Clam Bar
155,https://www.nytimes.com/2015/12/30/dining/senor-frogs-review.html,senor frogs,0,CLOSED_PERMANENTLY,"260 W 42nd St, New York, NY 10036, United States",ChIJHd9IRVNYwokRCaULps4Dka4,Señor Frog's New York
156,https://www.nytimes.com/2017/01/03/dining/locol-review-oakland-california-pete-wells.html,locol oakland california ,0,OPERATIONAL,"400 Roland Way, Oakland, CA 94621, United States",ChIJ70VfwriFj4ARzMOp3dH2BKo,Teamsters Local 70
157,https://www.nytimes.com/2016/06/01/dining/mr-donahues-ruffian-wine-bar-restaurant-review.html,mr donahues ruffian wine bar ,2,OPERATIONAL,"125 E 7th St, New York, NY 10009, United States",ChIJHfvtRp1ZwokREpFE8Z1BEKs,Ruffian
158,https://www.nytimes.com/2016/07/06/dining/nix-restaurant-review-greenwich-village.html,nix  greenwich village,2,CLOSED_PERMANENTLY,"72 University Pl, New York, NY 10003, United States",ChIJc2UmwplZwokRnVgJO0ZwL20,Nix
159,https://www.nytimes.com/2018/06/12/dining/shabushabu-macoron-review.html,shabushabu macoron,2,OPERATIONAL,"61 Delancey St, New York, NY 10002, United States",ChIJkUiaHYdZwokRxu1x0gDi8GE,Shabu Shabu Macoron
160,https://www.nytimes.com/2014/05/28/dining/restaurant-review-narcissa-in-the-standard-east-village.html, narcissa in the standard east village,2,OPERATIONAL,"25 Cooper Sq, New York, NY 10003, United States",ChIJX2F4PZtZwokRnulJN3r_oLU,Narcissa
161,https://www.nytimes.com/2017/10/10/dining/public-kitchen-review-jean-georges-vongerichten-nyc.html,public kitchen jean georges vongerichten nyc,1,OPERATIONAL,"215 Chrystie St, New York, NY 10002, United States",ChIJYXGbtYVZwokRLnwSXk9574Q,Public Kitchen
162,https://www.nytimes.com/2017/12/26/dining/the-loyal-review-nyc.html,the loyal nyc,2,OPERATIONAL,"289 Bleecker St, New York, NY 10014, United States",ChIJ9YIin5NZwokRIZi7KsM-z9c,The Loyal
163,https://www.nytimes.com/2019/01/29/dining/casa-enrique-review.html,casa enrique,2,OPERATIONAL,"5-48 49th Ave, Long Island City, NY 11101, United States",ChIJv4bbdSNZwokRCgKfDGF8az8,Casa Enrique
164,https://www.nytimes.com/2017/01/17/dining/ichiran-review-ramen-brooklyn.html,ichiran ramen brooklyn,1,OPERATIONAL,"374 Johnson Ave, Brooklyn, NY 11206, United States",ChIJDwxnNABcwokRnRmtxisbW-Y,ICHIRAN Ramen NY Brooklyn
165,https://www.nytimes.com/2018/05/29/dining/don-angie-review.html,don angie,2,OPERATIONAL,"103 Greenwich Ave, New York, NY 10014, United States",ChIJfxC19JVZwokRX2uKgQAL17c,Don Angie
166,https://www.nytimes.com/2018/07/31/dining/coco-pazzo-trattoria-yves-review.html,coco pazzo trattoria yves,1,OPERATIONAL,"160 Prince St, New York, NY 10012, United States",ChIJU1x4zo1ZwokRMtgXwL9pIZQ,Coco Pazzo
167,https://www.nytimes.com/2018/02/27/dining/latelier-de-joel-robuchon-review.html,latelier de joel robuchon,2,CLOSED_TEMPORARILY,"85 10th Ave, New York, NY 10011, United States",ChIJv6P8ucBZwokR844xvp6qPVQ,L'Atelier de Joël Robuchon
168,https://www.nytimes.com/2016/08/17/dining/gramercy-tavern-review.html,gramercy tavern,3,OPERATIONAL,"42 E 20th St, New York, NY 10003, United States",ChIJvSQIgqFZwokRFYQbJdzceSs,Gramercy Tavern
169,https://www.nytimes.com/2015/12/09/dining/sessanta-lamico-review.html,sessanta lamico,1,OPERATIONAL,"849 6th Ave, New York, NY 10001, United States",ChIJqyVsRq9ZwokRukmFQg8jzvg,L'Amico
170,https://www.nytimes.com/2015/11/18/dining/tempura-matsui-murray-hill-review.html,tempura matsui murray hill,2,OPERATIONAL,"222 E 39th St, New York, NY 10016, United States",ChIJ3aiOZQRZwokRyTh5pEHCyXY,Tempura Matsui
171,https://www.nytimes.com/2013/11/13/dining/reviews/restaurant-review-sushi-dojo-in-the-east-village-and-kurumazushi-in-midtown.html, sushi dojo in the east village and kurumazushi in midtown,2,OPERATIONAL,"110 1st Avenue, New York, NY 10009, United States",ChIJeaXCJp1ZwokRL8asiigH-UM,Sushi Dojo
172,https://www.nytimes.com/2013/10/09/dining/reviews/restaurant-review-the-elm-in-williamsburg-brooklyn.html, the elm in williamsburg brooklyn,2,CLOSED_PERMANENTLY,"160 N 12th St, Brooklyn, NY 11249, United States",ChIJq7ijyFxZwokRHmhIYot48d0,The Elm
173,https://www.nytimes.com/2017/12/05/dining/jeju-noodle-bar-review-korean-ramen.html,jeju noodle bar korean ramen,2,OPERATIONAL,"679 Greenwich St, New York, NY 10014, United States",ChIJvSw_uuxZwokRwESVzh5G33s,Jeju Noodle Bar
174,https://www.nytimes.com/2015/09/16/dining/restaurant-review-casa-mono-gramercy.html, casa mono gramercy,3,OPERATIONAL,"52 Irving Pl, New York, NY 10003, United States",ChIJUd1sYJ9ZwokRRkqniQdJ144,Casa Mono
175,https://www.nytimes.com/2018/10/23/dining/hunan-slurp-review.html,hunan slurp,2,OPERATIONAL,"112 1st Avenue, New York, NY 10009, United States",ChIJ__-7Jp1ZwokRqMtG8dflABo,Hunan Slurp
176,https://www.nytimes.com/2015/06/24/dining/restaurant-reviews-noreetuh-the-eddy-in-the-east-village.html,s noreetuh the eddy in the east village,1,,,,
177,https://www.nytimes.com/2016/10/26/dining/beatrice-inn-review.html,beatrice inn,2,CLOSED_PERMANENTLY,"285 W 12th St, New York, NY 10014, United States",ChIJy0l_epVZwokR4tN_s6EzlWY,The Beatrice Inn
178,https://www.nytimes.com/2016/11/02/dining/le-coucou-review.html,le coucou,3,CLOSED_TEMPORARILY,"138 Lafayette St, New York, NY 10013, United States",ChIJyw5j84lZwokRnUI_UknPSNA,Le Coucou
179,https://www.nytimes.com/2014/06/18/dining/restaurant-review-a-voce-madison-and-blt-fish.html, a voce madison and blt fish,2,,,,
180,https://www.nytimes.com/2017/06/20/dining/don-peppe-review-italian-american-restaurant-queens.html,don peppe italian american  queens,1,OPERATIONAL,"135-58 Lefferts Blvd, South Ozone Park, NY 11420, United States",ChIJ4Vgyn2tnwokRi3vnVvaHfv8,Don Peppe
181,https://www.nytimes.com/2016/06/08/dining/la-sirena-restaurant-review.html,la sirena ,2,OPERATIONAL,"27 E 3rd St, New York, NY 10003, United States",ChIJo_S4t4RZwokRYC407Iz2aU8,La Sirena Mexican folk Art
182,https://www.nytimes.com/2011/12/07/dining/reviews/whisky-from-islay-scotland-spirits-of-the-times.html,whisky from islay scotland spirits of the times,0,,,,
183,https://www.nytimes.com/2018/01/23/dining/pasta-flyer-martina-review.html,pasta flyer martina,1,CLOSED_PERMANENTLY,"510 6th Ave, New York, NY 10011, United States",ChIJ3fmN2pdZwokRfycUYjWUQ8c,Pasta Flyer
184,https://www.nytimes.com/2018/10/30/dining/henry-at-life-hotel-by-jj-review.html,henry at life hotel by jj,1,CLOSED_PERMANENTLY,"19 W 31st St, New York, NY 10001, United States",ChIJdXXRJq9ZwokRKj5UWjI76sk,Henry at Life Hotel
185,https://www.nytimes.com/2018/09/25/dining/kopitiam-restaurant-review.html,kopitiam ,1,CLOSED_TEMPORARILY,"151 E Broadway, New York, NY 10002, United States",ChIJCSo-rSlawokRXSVW0IKZ3vQ,Kopitiam
186,https://www.nytimes.com/2015/06/17/dining/restaurant-review-blanca-in-bushwick-brooklyn.html, blanca in bushwick brooklyn,3,CLOSED_TEMPORARILY,"261 Moore St, Brooklyn, NY 11206, United States",ChIJrSjk6QBcwokRJ12Xetu0rX4,Blanca
187,https://www.nytimes.com/2017/04/25/dining/union-square-cafe-review.html,union square cafe,3,OPERATIONAL,"101 E 19th St, New York, NY 10003, United States",ChIJxTHke6JZwokRCLWVd99eDBw,Union Square Cafe
188,https://www.nytimes.com/2018/11/20/dining/adda-indian-canteen-review.html,adda indian canteen,2,OPERATIONAL,"31-31 Thomson Ave, Queens, NY 11101, United States",ChIJI8fjpfdfwokRkAjC4Pswtys,Adda Indian Canteen
189,https://www.nytimes.com/2017/10/31/dining/momofuku-ssam-bar-review.html,momofuku ssam bar,3,CLOSED_TEMPORARILY,"207 2nd Ave, New York, NY 10003, United States",ChIJkXQ3_INZwokRbCMEByaQ_VE,Momofuku 207
190,https://www.nytimes.com/2014/01/15/dining/restaurant-review-the-bistro-at-villard-michel-richard-in-midtown.html, the bistro at villard michel richard in midtown,0,OPERATIONAL,"455 Madison Ave, New York, NY 10022, United States",ChIJf7nNZfxYwokRS5iRY5ywSOk,VILLARD
191,https://www.nytimes.com/2015/05/06/dining/restaurant-review-mu-ramen-in-long-island-city-queens.html, mu ramen in long island city queens,2,CLOSED_TEMPORARILY,"1209 Jackson Ave, Long Island City, NY 11101, United States",ChIJV53wRSNZwokR0vx_FanKKqI,Mu Ramen
192,https://www.nytimes.com/2014/01/08/dining/reviews/restaurant-review-tosca-cafe-in-san-francisco.html, tosca cafe in san francisco,0,OPERATIONAL,"242 Columbus Ave, San Francisco, CA 94133, United States",ChIJ2xNJivSAhYARhivCKSIaZCY,Tosca Cafe
193,https://www.nytimes.com/2013/07/24/dining/reviews/restaurant-review-daniel-on-the-upper-east-side.html, daniel on the upper east side,3,OPERATIONAL,"60 E 65th St, New York, NY 10065, United States",ChIJ09ZGju5YwokRXOcNC23JRwk,Daniel
194,https://www.nytimes.com/2017/07/03/dining/abcv-review-vegetables-restaurant-jean-georges-vongerichten.html,abcv vegetables  jean georges vongerichten,2,OPERATIONAL,"38 E 19th St, New York, NY 10003, United States",ChIJxXrbJaJZwokRAAEnPk3AJh4,abcV
195,https://www.nytimes.com/2017/08/01/dining/guan-fu-sichuan-review.html,guan fu sichuan,3,OPERATIONAL,"39-16 Prince St G01, Queens, NY 11354, United States",ChIJT63aZg5gwokRZkjpgZKKXb4,Guan Fu
196,https://www.nytimes.com/2015/08/26/dining/restaurant-review-the-clocktower-in-midtown-south.html, the clocktower in midtown south,2,OPERATIONAL,"5 Madison Ave, New York, NY 10010, United States",ChIJe_H4tKZZwokRIKL-M0_luB0,The Clocktower
197,https://www.nytimes.com/2018/08/07/dining/gem-review-flynn-mcgarry.html,gem flynn mcgarry,2,OPERATIONAL,"116 Forsyth St, New York, NY 10002, United States",ChIJO4qLq4dZwokRV1ftotNG1fU,Gem
198,https://www.nytimes.com/2018/08/07/dining/gem-review-flynn-mcgarry.html,gem flynn mcgarry,2,OPERATIONAL,"116 Forsyth St, New York, NY 10002, United States",ChIJO4qLq4dZwokRV1ftotNG1fU,Gem
199,https://www.nytimes.com/2017/07/11/dining/little-tong-noodle-shop-review-east-village.html,little tong noodle shop east village,2,CLOSED_PERMANENTLY,"177 1st Avenue, New York, NY 10003, United States",ChIJiWrQ6p1ZwokRHf-oMAoxTLQ,Little Tong Noodle Shop
200,https://www.nytimes.com/2017/02/07/dining/white-gold-butchers-review-april-bloomfield-restaurant.html,white gold butchers april bloomfield ,2,,,,
201,https://www.nytimes.com/2014/06/25/dining/restaurant-review-tavern-on-the-green.html, tavern on the green,0,OPERATIONAL,"W 67th St, New York, NY 10023, United States",ChIJKy5pv_RYwokRBaqWbokKqOc,Tavern On the Green
202,https://www.nytimes.com/2017/08/15/dining/made-nice-restaurant-review.html,made nice ,0,CLOSED_PERMANENTLY,"8 W 28th St, New York, NY 10001, United States",ChIJq3xoDaZZwokR73rTqeguT3Y,Made Nice
203,https://www.nytimes.com/2017/06/27/dining/empellon-review-mexican-midtown.html,empellon mexican midtown,3,CLOSED_TEMPORARILY,"510 Madison Ave, New York, NY 10022, United States",ChIJ8b70m_tYwokRqGwQgnijLEc,Empellon
204,https://www.nytimes.com/2017/01/31/dining/chumleys-review-bar-west-village.html,chumleys bar west village,2,CLOSED_PERMANENTLY,"86 Bedford St, New York, NY 10014, United States",ChIJsaQoPpNZwokRCPoWaKLj0Mg,Chumley's
205,https://www.nytimes.com/2015/04/08/dining/restaurant-reviews-limani-and-estiatorio-milos-in-midtown.html,s limani and estiatorio milos in midtown,1,OPERATIONAL,"125 W 55th St, New York, NY 10019, United States",ChIJbRaexvlYwokRYc5RgUjlsIY,Estiatorio Milos
206,https://www.nytimes.com/2018/07/10/dining/frenchette-review-restaurant-tribeca.html,frenchette  tribeca,3,OPERATIONAL,"241 W Broadway, New York, NY 10013, United States",ChIJu7pIuopZwokRvIsndYhPg4U,Frenchette
207,https://www.nytimes.com/2019/07/30/dining/the-fulton-review-pete-wells-jean-georges.html,the fulton  jean georges,2,OPERATIONAL,"89 South St, New York, NY 10038, United States",ChIJaXwp6UBbwokR1Ki9x6-BIug,The Fulton
208,https://www.nytimes.com/2019/07/30/dining/the-fulton-review-pete-wells-jean-georges.html,the fulton  jean georges,2,OPERATIONAL,"89 South St, New York, NY 10038, United States",ChIJaXwp6UBbwokR1Ki9x6-BIug,The Fulton
209,https://www.nytimes.com/2013/10/16/dining/reviews/restaurant-review-khe-yo-in-tribeca-and-whiskey-soda-lounge-ny-in-brooklyn.html, khe yo in tribeca and whiskey soda lounge ny in brooklyn,1,OPERATIONAL,"157 Duane St, New York, NY 10013, United States",ChIJb6jHpx9awokRj6rvb31V6WM,Khe-Yo
210,https://www.nytimes.com/2019/02/12/dining/cherry-point-review.html,cherry point,2,CLOSED_PERMANENTLY,"664 Manhattan Ave, Brooklyn, NY 11222, United States",ChIJD0dsNkRZwokRtq5bPEJA5o4,Cherry Point
211,https://www.nytimes.com/2019/01/08/dining/momofuku-bang-bar-review.html,momofuku bang bar,1,CLOSED_TEMPORARILY,"10 Columbus Cir #301, New York, NY 10019, United States",ChIJG-0gOVNZwokRVLu7o8Shq_Q,Bāng Bar
212,https://www.nytimes.com/2018/05/01/dining/la-mercerie-review-soho.html,la mercerie soho,2,OPERATIONAL,"53 Howard St, New York, NY 10013, United States",ChIJ22wiSIpZwokRUmlXovJnWDI,La Mercerie
213,https://www.nytimes.com/2020/03/03/dining/le-crocodile-review-pete-wells.html,le crocodile ,3,CLOSED_TEMPORARILY,"80 Wythe Ave, Brooklyn, NY 11249, United States",ChIJ4faAXmBZwokRebmpx9kQxx4,Le Crocodile
214,https://www.nytimes.com/2017/09/12/dining/razza-pizza-review-jersey-city.html,razza pizza jersey city,3,OPERATIONAL,"275 Grove St, Jersey City, NJ 07302, United States",ChIJFSRtpLFQwokROP1exas0wNM,Razza
215,https://www.nytimes.com/2017/03/14/dining/franklin-barbecue-review.html,franklin barbecue,2,OPERATIONAL,"976 Hempstead Turnpike, Franklin Square, NY 11010, United States",ChIJsQKMwyFjwokR9f95FaIe2b8,Sammy's Halal
216,https://www.nytimes.com/2019/10/01/dining/red-hook-tavern-review-pete-wells.html,red hook tavern ,1,OPERATIONAL,"329 Van Brunt St, Brooklyn, NY 11231, United States",ChIJv0LelZRbwokRrUvqWn_7o98,Red Hook Tavern
217,https://www.nytimes.com/2018/06/19/dining/legacy-records-review.html,legacy records,2,CLOSED_TEMPORARILY,"517 W 38th St, New York, NY 10018, United States",ChIJA4Iy0kxYwokR88K8Cx7Bd-Q,Legacy Records
218,https://www.nytimes.com/2017/10/03/dining/oberlin-restaurant-review-providence.html,oberlin  providence,2,OPERATIONAL,"186 Union St, Providence, RI 02903, United States",ChIJDezthRNF5IkRDS9ci1WbOqY,Oberlin
219,https://www.nytimes.com/2016/08/03/dining/agern-restaurant-review.html,agern ,3,CLOSED_TEMPORARILY,"89 E 42nd St, New York, NY 10017, United States",ChIJLVaKiQFZwokRDnsQs34z6MY,Agern
220,https://www.nytimes.com/2016/04/20/dining/salvation-burger-spotted-pig-review.html,salvation burger spotted pig,1,CLOSED_PERMANENTLY,"230 E 51st St, New York, NY 10022, United States",ChIJz9ndHONYwokRQUA1j3Uu-e0,Salvation Burger
221,https://www.nytimes.com/2015/09/02/dining/restaurant-review-superiority-burger-in-the-east-village.html, superiority burger in the east village,2,CLOSED_TEMPORARILY,"430 E 9th St, New York, NY 10009, United States",ChIJ26fKep1ZwokRrPzNIqBj4xU,Superiority Burger
222,https://www.nytimes.com/2014/06/04/dining/restaurant-review-the-simone-on-the-upper-east-side.html, the simone on the upper east side,3,OPERATIONAL,"151 E 82nd St, New York, NY 10028, United States",ChIJgYdbzr1YwokRueRDWsZY_8w,The Simone
223,https://www.nytimes.com/2014/06/11/dining/restaurant-review-gato-from-bobby-flay.html, gato from bobby flay,2,OPERATIONAL,"324 Lafayette St, New York, NY 10012, United States",ChIJiaS2jo9ZwokRLcVlNX7PjTE,GATO
224,https://www.nytimes.com/2017/05/30/dining/tim-ho-wan-review-pinch-chinese-restaurant-dim-sum-dumpling.html,tim ho wan pinch chinese  dim sum dumpling,1,CLOSED_TEMPORARILY,"85 4th Ave, New York, NY 10003, United States",ChIJ8WvaWJlZwokRp1RxTb8QUrE,Tim Ho Wan
225,https://www.nytimes.com/2018/12/04/dining/four-seasons-review.html,four seasons,1,OPERATIONAL,"27 Barclay St, New York, NY 10007, United States",ChIJiz9V4xhawokRorqq7eXaNxM,Four Seasons Hotel New York Downtown
226,https://www.nytimes.com/2019/01/22/dining/intersect-by-lexus-restaurant-review.html,intersect by lexus ,0,OPERATIONAL,"412 W 14th St, New York, NY 10014, United States",ChIJY-zRgb9ZwokRyCTJTznEnZA,INTERSECT BY LEXUS
227,https://www.nytimes.com/2007/11/07/dining/reviews/07brie.html,07brie,0,,,,
228,https://www.nytimes.com/2014/04/09/dining/restaurant-review-jean-georges-on-the-upper-west-side.html, jean georges on the upper west side,4,OPERATIONAL,"1 Central Park West, New York, NY 10023, United States",ChIJh5JzbfZYwokRzeF2GgGYd2Y,Nougatine at Jean-Georges
229,https://www.nytimes.com/2018/01/16/dining/kissa-tanto-review-vancouver.html,kissa tanto vancouver,0,OPERATIONAL,"263 E Pender St, Vancouver, BC V6A 1T8, Canada",ChIJD8oBSnBxhlQRaX3X1supJ0g,Kissa Tanto
230,https://www.nytimes.com/2019/10/15/dining/babs-review-pete-wells.html,babs ,2,OPERATIONAL,"72 MacDougal St, New York, NY 10012, United States",ChIJXYThe2ZZwokRC3LdQ2_xE9Y,BABS
231,https://www.nytimes.com/2018/03/15/dining/junebaby-review-seattle-black-southern-food.html,junebaby seattle black southern food,3,OPERATIONAL,"2122 NE 65th St, Seattle, WA 98115, United States",ChIJMbK_k3kUkFQRIWL4yy1N0Go,JuneBaby
232,https://www.nytimes.com/2017/08/22/dining/the-grill-review-midtown.html,the grill midtown,3,CLOSED_TEMPORARILY,"99 E 52nd St, New York, NY 10022, United States",ChIJ8UxZqPxYwokRQSC7-Qoeea0,THE GRILL
233,https://www.nytimes.com/2014/02/12/dining/restaurant-review-gotham-west-market-in-hells-kitchen.html, gotham west market in hells kitchen,2,OPERATIONAL,"600 11th Ave, New York, NY 10036, United States",ChIJ78IJek5YwokRvVV8rYzRhhw,Gotham West Market
234,https://www.nytimes.com/2019/09/10/dining/mission-ceviche-review-pete-wells.html,mission ceviche ,1,OPERATIONAL,"1400 2nd Ave, New York, NY 10021, United States",ChIJEXPLsaFZwokRggZzIVKeiPM,Mission Ceviche - Restaurant & Bar
235,https://www.nytimes.com/2018/07/17/dining/una-pizza-napoletana-review.html,una pizza napoletana,0,CLOSED_TEMPORARILY,"175 Orchard St, New York, NY 10002, United States",ChIJAbYL-YNZwokRIfs6jgmbXqg,Una Pizza Napoletana
236,https://www.nytimes.com/2015/03/18/dining/restaurant-review-eleven-madison-park-in-midtown-south.html, eleven madison park in midtown south,4,OPERATIONAL,"11 Madison Ave, New York, NY 10010, United States",ChIJEWbXz6ZZwokRLKmKrtPfVFY,Eleven Madison Park
237,https://www.nytimes.com/2017/10/17/dining/the-pool-review.html,the pool,2,OPERATIONAL,"99 E 52nd St, New York, NY 10022, United States",ChIJ8UxZqPxYwokRh_AzHNdCTZ8,THE POOL
238,https://www.nytimes.com/2019/10/22/dining/tsismis-review-pete-wells.html,tsismis ,1,OPERATIONAL,"143 Orchard St, New York, NY 10002, United States",ChIJLzI-10RZwokRhYhMVH2kaD4,Tsismis NYC
239,https://www.nytimes.com/2019/09/17/dining/hutong-review-pete-wells.html,hutong ,2,OPERATIONAL,"731 Lexington Avenue Located inside, Beacon Ct, New York, NY 10022, United States",ChIJweMOgwxZwokRm_BlZ1YAiZc,Hutong New York
240,https://www.nytimes.com/2019/11/12/dining/llama-san-review-pete-wells.html,llama san ,3,OPERATIONAL,"359 6th Ave, New York, NY 10014, United States",ChIJ8youq41ZwokRqnnXghN1DIs,Llama San
241,https://www.nytimes.com/2019/11/26/dining/birria-landia-tacos-review-pete-wells.html,birria landia tacos ,2,OPERATIONAL,"77-99 Roosevelt Ave, Queens, NY 11372, United States",ChIJ0wbVyUhfwokRd2iTfd08w34,BIRRIA-LANDIA
242,https://www.nytimes.com/2013/05/01/dining/reviews/restaurant-review-saison-in-san-francisco.html, saison in san francisco,0,OPERATIONAL,"178 Townsend St, San Francisco, CA 94107, United States",ChIJPUo32Aj3MhURXL06eVIEoHc,Saison
243,https://www.nytimes.com/2014/05/07/dining/the-garden-both-muse-and-oracle-at-larpege.html,the garden both muse and oracle at larpege,0,,,,
244,https://www.nytimes.com/2014/05/07/dining/the-garden-both-muse-and-oracle-at-larpege.html,the garden both muse and oracle at larpege,0,,,,
245,https://www.nytimes.com/2013/12/11/dining/reviews/restaurant-review-sushi-nakazawa-in-the-west-village.html, sushi nakazawa in the west village,0,OPERATIONAL,"23 Commerce St, New York, NY 10014, United States",ChIJsw80F5NZwokRcDtxajLLOeA,Sushi Nakazawa
246,https://www.nytimes.com/2012/05/30/dining/reviews/restaurant-review-back-forty-and-back-forty-west.html, back forty and back forty west,0,CLOSED_PERMANENTLY,"70 Prince St, New York, NY 10012, United States",ChIJ4we-F49ZwokRiZ1OAfQKx8Y,Back Forty West
247,https://www.nytimes.com/2017/03/21/dining/sugarfish-by-sushi-nozawa-review.html,sugarfish by sushi nozawa,0,OPERATIONAL,"33 E 20th St, New York, NY 10003, United States",ChIJK_rtfaFZwokRRCOUQwA-A28,SUGARFISH by sushi nozawa
248,https://www.nytimes.com/2016/12/13/dining/best-restaurants-in-nyc-pete-wells.html,best s in nyc ,0,OPERATIONAL,"197 1st Avenue, New York, NY 10003, United States",ChIJC2z1451ZwokRdm70SHTgRD0,S'MAC East Village
249,https://www.nytimes.com/2014/09/17/dining/restaurant-review-claudette-in-greenwich-village.html, claudette in greenwich village,1,OPERATIONAL,"24 5th Ave, New York, NY 10011, United States",ChIJgWo3QZdZwokRD0PBopbkTV0,Claudette
250,https://www.nytimes.com/2012/11/21/dining/reviews/restaurant-review-m-wells-dinette-at-moma-ps1.html, m wells dinette at moma ps1,0,CLOSED_PERMANENTLY,"22-25 Jackson Ave, Queens, NY 11101, United States",ChIJYeUKsChZwokRrDKp87lE02Q,M. Wells Dinette
251,https://www.nytimes.com/2020/02/18/dining/caleta-111-cevicheria-review-pete-wells.html,caleta 111 cevicheria ,1,OPERATIONAL,"111-27 Jamaica Ave, Richmond Hill, NY 11418, United States",ChIJb1yO2ZdhwokRIWlN1iszze4,Caleta 111
252,https://www.nytimes.com/2019/07/16/dining/belle-harlem-review-pete-wells.html,belle harlem ,1,OPERATIONAL,"2363 Adam Clayton Powell Jr Blvd, New York, NY 10030, United States",ChIJq6p2S3f2wokRjOhlXzoI6TY,Belle Harlem
253,https://www.nytimes.com/2020/02/04/dining/portale-review-pete-wells.html,portale ,2,OPERATIONAL,"126 W 18th St, New York, NY 10011, United States",ChIJ-TuoLitZwokRgQRHmUGEgyY,Portale
254,https://www.nytimes.com/2020/01/28/dining/antons-review-pete-wells.html,antons ,1,OPERATIONAL,"570 Hudson St, New York, NY 10014, United States",ChIJvdgj3uVZwokRDFVNZGAg43U,Anton's
255,https://www.nytimes.com/2016/09/28/dining/korean-bbq-tong-sam-gyup-goo-yi-flushing-queens.html,korean bbq tong sam gyup goo yi flushing queens,0,OPERATIONAL,"162-23 Depot Rd, Queens, NY 11358, United States",ChIJoWa5-i5gwokR8v_bTyLmO6I,Tong Sam Gyup Goo Yi
256,https://www.nytimes.com/2016/08/24/dining/bolivian-llama-party-nyc.html,bolivian llama party nyc,0,CLOSED_TEMPORARILY,"1000 S 8th Ave Suite 5.5 Underground @ the corner of 57th st and, 8th Ave, New York, NY 10019, United States",ChIJQWGfMfZYwokRCznIoUYk8Ow,Bolivian Llama Party
257,https://www.nytimes.com/2019/08/06/dining/rezdora-review-pete-wells.html,rezdora ,3,OPERATIONAL,"27 E 20th St, New York, NY 10003, United States",ChIJDdKSyCVZwokR-9svvc9YDFo,Rezdôra
258,https://www.nytimes.com/2019/09/24/dining/frevo-review-pete-wells.html,frevo ,2,OPERATIONAL,"48 W 8th St, New York, NY 10011, United States",ChIJL6-NTmBZwokRGacx3GWq3D0,Frevo
259,https://www.nytimes.com/2020/03/10/dining/pastrami-masters-review-pete-wells.html,pastrami masters ,1,CLOSED_PERMANENTLY,"812 Grand St, Brooklyn, NY 11211, United States",ChIJ66tnulhZwokRzdiTEuDOKFM,PASTRAMI MASTERS & WAFA'S EXPRESS
260,https://www.nytimes.com/2012/01/25/dining/reviews/parm-restaurant-review-nyc.html,parm  nyc,0,OPERATIONAL,"235 Columbus Ave, New York, NY 10023, United States",ChIJOcB1BotYwokRDAfplGJHyTM,Parm
261,https://www.nytimes.com/2016/01/06/dining/sadelles-review.html,sadelles,1,OPERATIONAL,"463 W Broadway, New York, NY 10012, United States",ChIJP8URcY5ZwokRhFpdfNcK-FI,Sadelle's
262,https://www.nytimes.com/2015/12/16/dining/best-restaurants-in-nyc.html,best s in nyc,0,OPERATIONAL,"197 1st Avenue, New York, NY 10003, United States",ChIJC2z1451ZwokRdm70SHTgRD0,S'MAC East Village
263,https://www.nytimes.com/2019/11/19/dining/gotham-bar-and-grill-review-pete-wells.html,gotham bar and grill ,3,CLOSED_TEMPORARILY,"12 E 12th St, New York, NY 10003, United States",ChIJZ72FzplZwokRmcA7CQzDMj0,Gotham
264,https://www.nytimes.com/2012/05/09/dining/reviews/a-review-of-la-silhouette-in-hells-kitchen.html,a of la silhouette in hells kitchen,0,CLOSED_PERMANENTLY,"362 W 53rd St, New York, NY 10019, United States",ChIJP3YpZldYwokRrfFfE_n0myA,La Silhouette
265,https://www.nytimes.com/2019/12/17/dining/electric-lemon-review-pete-wells.html,electric lemon ,1,OPERATIONAL,"33 Hudson Yards 24th Floor, New York, NY 10001, United States",ChIJIXPGRZtZwokRlob1QzvXcO4,Electric Lemon
266,https://www.nytimes.com/2019/08/20/dining/foxface-review-pete-wells.html,foxface ,1,OPERATIONAL,"80 St Marks Pl, New York, NY 10003, United States",ChIJBUnbQp5ZwokRtR-5h4uCg-4,Foxface
267,https://www.nytimes.com/2019/11/05/dining/uogashi-review-pete-wells.html,uogashi ,2,OPERATIONAL,"318 W 51st St, New York, NY 10019, United States",ChIJ03JXKllZwokRdL8HMVY_6A0,UOGASHI
268,https://www.nytimes.com/2019/05/21/dining/hanon-review.html,hanon,2,OPERATIONAL,"436 Union Ave, Brooklyn, NY 11211, United States",ChIJR08FXxJZwokR3M9RhACnCoE,hanon
269,https://www.nytimes.com/2019/12/31/dining/four-horseman-review-pete-wells.html,four horseman ,2,OPERATIONAL,"295 Grand St, Brooklyn, NY 11211, United States",ChIJbTCMl19ZwokRUohF137p9cQ,The Four Horsemen
270,https://www.nytimes.com/2019/08/27/dining/da-long-yi-hot-pot-review-pete-wells.html,da long yi hot pot ,1,OPERATIONAL,"159 Canal St 2nd floor, New York, NY 10013, United States",ChIJeQQqRN5bwokRmEQu2e7srvY,Da Long Yi Hot Pot
271,https://www.nytimes.com/2020/01/07/dining/thai-cook-review-pete-wells.html,thai cook ,1,CLOSED_TEMPORARILY,"81-19, Broadway, NY 11373, United States",ChIJdcuSjVJfwokRZ0w4TUXCA_g,Thai Cook
272,https://www.nytimes.com/2012/02/01/dining/crown-nyc-restaurant-review.html,crown nyc ,1,OPERATIONAL,"224 West 4th Street 2nd fl, New York, NY 10014, United States",ChIJDbltepRZwokRsDGKl4HtzXo,Crown NYC
273,https://www.nytimes.com/2015/11/11/dining/jams-jonathan-waxman-review.html,jams jonathan waxman,0,OPERATIONAL,"1414 6th Ave, New York, NY 10019, United States",ChIJRzLEsfBYwokRHMTMZPqlyu8,Jams
274,https://www.nytimes.com/2019/10/31/dining/field-trip-review-jj-johnson.html,field trip jj johnson,0,OPERATIONAL,"109 Malcolm X Blvd, New York, NY 10026, United States",ChIJHTUt_L73wokRBkywY68ePoY,FIELDTRIP Harlem
275,https://www.nytimes.com/2012/07/04/dining/reviews/hill-country-barbecue-market-nyc-restaurant-review.html,hill country barbecue market nyc ,0,OPERATIONAL,"30 W 26th St, New York, NY 10010, United States",ChIJB2NotqVZwokR1t6v-dk6wVY,Hill Country Barbecue Market
276,https://www.nytimes.com/2017/08/31/dining/while-in-kathmandu-review-queens.html,while in kathmandu queens,0,OPERATIONAL,"758 Seneca Ave, Ridgewood, NY 11385, United States",ChIJeSf6KiFcwokRh2AC4D8qBts,While in Kathmandu
277,https://www.nytimes.com/2012/01/11/dining/reviews/la-promenade-des-anglais-nyc-restaurant-review.html,la promenade des anglais nyc ,0,CLOSED_PERMANENTLY,"461 W 23rd St, New York, NY 10011, United States",ChIJYe1DLbhZwokR0IrTyvhKu7g,Bistro La Promenade
278,https://www.nytimes.com/2012/12/19/dining/reviews/restaurant-review-lapicio-in-the-east-village.html, lapicio in the east village,0,CLOSED_PERMANENTLY,"13 E 1st St, New York, NY 10003, United States",ChIJnwL0A4VZwokRta3QoYFJ9CM,L'Apicio
279,https://www.nytimes.com/2009/05/13/dining/reviews/13wine.html,13wine,0,,,,
280,https://www.nytimes.com/2014/08/06/dining/restaurant-review-ivan-ramen.html, ivan ramen,2,OPERATIONAL,"25 Clinton St, New York, NY 10002, United States",ChIJreEXi4FZwokR_ygs7wh2fTk,Ivan Ramen
281,https://www.nytimes.com/2020/02/11/dining/tavern-by-ws-review-pete-wells.html,tavern by ws ,2,OPERATIONAL,"37 Hudson Yards, New York, NY 10001, United States",ChIJFXOORbRZwokRPJ_rX5z9lCs,The Tavern by WS
282,https://www.nytimes.com/2013/02/27/dining/reviews/restaurant-review-the-marrow-in-the-west-village.html, the marrow in the west village,1,CLOSED_PERMANENTLY,"99 Bank St, New York, NY 10014, United States",ChIJKSOCLJVZwokRy0ywjKcB4zo,The Marrow
283,https://www.nytimes.com/2010/12/29/dining/reviews/29cheap.html,29cheap,0,,,,
284,https://www.nytimes.com/2012/08/01/dining/reviews/reynard-in-williamsburg-brooklyn-restaurant-review.html,reynard in williamsburg brooklyn ,0,CLOSED_PERMANENTLY,"80 Wythe Ave, Brooklyn, NY 11249, United States",ChIJ0bhWy0JZwokRIDecAcG_7N4,Reynard
285,https://www.nytimes.com/2012/10/31/dining/reviews/restaurant-review-talde-in-park-slope.html, talde in park slope,0,CLOSED_PERMANENTLY,"369 7th Ave, Brooklyn, NY 11215, United States",ChIJpT3wUB1bwokRdugMnsLj16U,Talde
286,https://www.nytimes.com/2020/01/14/dining/sushi-nakazawa-review-pete-wells.html,sushi nakazawa ,3,OPERATIONAL,"23 Commerce St, New York, NY 10014, United States",ChIJsw80F5NZwokRcDtxajLLOeA,Sushi Nakazawa
287,https://www.nytimes.com/2012/10/10/dining/reviews/restaurant-review-yunnan-kitchen-on-the-lower-east-side.html, yunnan kitchen ,0,OPERATIONAL,"435 E 9th St, New York, NY 10009, United States",ChIJt4Kbfp1ZwokRVs57bxd0gNQ,Dian Kitchen
288,https://www.nytimes.com/2014/12/24/dining/restaurant-review-botequim-in-the-east-village.html, botequim in the east village,2,CLOSED_PERMANENTLY,"132 4th Ave, New York, NY 10003, United States",ChIJtcvvIplZwokRTYhLxshwkm0,Botequim
289,https://www.nytimes.com/2012/04/25/dining/reviews/empellon-cocina-in-the-east-village.html,empellon cocina in the east village,0,OPERATIONAL,"132 St Marks Pl, New York, NY 10009, United States",ChIJB2LbXZ1ZwokRl3A5sr1DsCE,Empellon Al Pastor
290,https://www.nytimes.com/2012/06/06/dining/reviews/restaurant-review-neta-in-greenwich-village.html, neta in greenwich village,0,CLOSED_PERMANENTLY,"61 W 8th St, New York, NY 10011, United States",ChIJu-Kex5ZZwokR5MqMLCs8IBc,Neta
291,https://www.nytimes.com/2012/04/25/dining/reviews/empellon-cocina-in-the-east-village.html,empellon cocina in the east village,0,OPERATIONAL,"132 St Marks Pl, New York, NY 10009, United States",ChIJB2LbXZ1ZwokRl3A5sr1DsCE,Empellon Al Pastor
292,https://www.nytimes.com/2012/05/02/dining/reviews/cafe-china-in-midtown.html,cafe china in midtown,0,OPERATIONAL,"13 E 37th St, New York, NY 10016, United States",ChIJhXTKrQBZwokRDA7Vijnq1AE,Café China 倾城
293,https://www.nytimes.com/2012/01/18/dining/reviews/romera-new-york-nyc-review.html,romera new york nyc,0,OPERATIONAL,"126 Spring St, New York, NY 10012, United States",ChIJEfxv8aBZwokROUqG_QFBZ-w,Kendra Scott
294,https://www.nytimes.com/2012/02/08/dining/reviews/kutshers-tribeca-nyc-restaurant-review.html,kutshers tribeca nyc ,0,CLOSED_PERMANENTLY,"186 Franklin St, New York, NY 10013, United States",ChIJrbv4gPVZwokRWHJc4_cSnAA,Kutsher's Tribeca
295,https://www.nytimes.com/2012/04/18/dining/reviews/alison-eighteen-in-manhattan.html,alison eighteen in manhattan,0,CLOSED_PERMANENTLY,"15 W 18th St, New York, NY 10011, United States",ChIJF9zJ46JZwokRemok6ApiYGY,Alison Eighteen
296,https://www.nytimes.com/2015/01/14/dining/restaurant-review-upland-on-park-avenue-south.html, upland on park avenue south,2,OPERATIONAL,"345 Park Ave S, New York, NY 10010, United States",ChIJWVD7FadZwokRs_pS6XY7VOU,Upland
297,https://www.nytimes.com/2012/11/07/dining/reviews/restaurant-review-after-hurricane-sandy-downtown-restaurants-need-patrons.html, after hurricane sandy downtown s need patrons,0,,,,
298,https://www.nytimes.com/2012/07/25/dining/reviews/mission-chinese-food-nyc-restaurant-review.html,mission chinese food nyc ,0,OPERATIONAL,"599 Johnson Ave, Brooklyn, NY 11237, United States",ChIJQwWBd3NfwokRv9bSxdUttXY,Mission
299,https://www.nytimes.com/2013/03/27/dining/reviews/restaurant-review-the-dining-room-at-the-modern.html, the dining room at the modern,3,CLOSED_TEMPORARILY,"9 W 53rd St, New York, NY 10019, United States",ChIJMW-gxPtYwokRzDlnsRgq9rA,The Modern
300,https://www.nytimes.com/2018/01/30/dining/the-lobster-club-review.html,the lobster club,1,OPERATIONAL,"98 E 53rd St, New York, NY 10022, United States",ChIJO3lUXPtYwokRHcU_YPcKvcY,The Lobster Club
301,https://www.nytimes.com/2019/06/11/dining/crown-shy-review.html,crown shy,2,OPERATIONAL,"70 Pine St, New York, NY 10005, United States",ChIJ__9LNBZawokREnkOiVx7ydc,Crown Shy
302,https://www.nytimes.com/2013/12/25/dining/reviews/the-10-best-restaurants-of-2013.html,the 10 best s of 2013,0,,,,
303,https://www.nytimes.com/2013/05/29/dining/reviews/restaurant-review-salvation-taco-in-murray-hill-and-taqueria-tlaxcalli-in-the-bronx.html, salvation taco in murray hill and taqueria tlaxcalli in the bronx,1,OPERATIONAL,"2103 Starling Ave, The Bronx, NY 10462, United States",ChIJG429Dbj0wokRC-lw92nRJEk,Taqueria Tlaxcalli
304,https://www.nytimes.com/2012/09/12/dining/reviews/governor-in-dumbo-brooklyn.html,governor in dumbo brooklyn,0,OPERATIONAL,"334 Furman St, Brooklyn, NY 11201, United States",ChIJjaFpo0ZawokRBcOFUZ13CaE,Brooklyn Bridge Park
305,https://www.nytimes.com/2014/11/12/dining/restaurant-review-dumpling-galaxy-in-queens.html, dumpling galaxy in queens,1,CLOSED_TEMPORARILY,"42-35 Main St, Flushing, NY 11355, United States",ChIJ-Z115RJgwokRE-fDSpTBBTg,Dumpling Galaxy
306,https://www.nytimes.com/2012/05/16/dining/reviews/michael-toscano-provides-a-thrill-at-perla.html,michael toscano provides a thrill at perla,0,OPERATIONAL,"24 Minetta Ln, New York, NY 10012, United States",ChIJIQZOb3ZZwokRyF8ODmJo4so,Da Toscano
307,https://www.nytimes.com/2012/09/05/dining/reviews/nougatine-at-jean-georges-in-manhattan.html,nougatine at jean georges in manhattan,0,OPERATIONAL,"1 Central Park West, New York, NY 10023, United States",ChIJh5JzbfZYwokRzeF2GgGYd2Y,Nougatine at Jean-Georges
308,https://www.nytimes.com/2012/04/04/dining/reviews/gwynnett-st-in-williamsburg-brooklyn.html,gwynnett st in williamsburg brooklyn,0,CLOSED_PERMANENTLY,"312 Graham Ave, Brooklyn, NY 11211, United States",ChIJewlh5VZZwokRf55voUi53No,Gwynnett St
309,https://www.nytimes.com/2019/02/19/dining/bistro-pierre-lapin-review.html,bistro pierre lapin,1,CLOSED_PERMANENTLY,"99 Bank St, New York, NY 10014, United States",ChIJ31l2L5VZwokRPqBKWOn8J5g,Bistro Pierre Lapin
310,https://www.nytimes.com/2012/01/04/dining/wong-greenwich-village-restaurants.html,wong greenwich village s,2,OPERATIONAL,"68 W 3rd St, New York, NY 10012, United States",ChIJZRP3DW9ZwokR6NnJ9PaMZxI,Spicy Moon Vegan Szechuan
311,https://www.nytimes.com/2014/07/23/dining/restaurant-review-racines-ny-in-tribeca.html, racines ny in tribeca,2,OPERATIONAL,"94 Chambers St, New York, NY 10007, United States",ChIJkfkvTx9awokRJuJPcg17cPw,Racines NY
312,https://www.nytimes.com/2015/01/07/dining/restaurant-review-kappo-masa-on-the-upper-east-side.html, kappo masa on the upper east side,0,OPERATIONAL,"976 Madison Ave, New York, NY 10075, United States",ChIJ9w07X5RYwokR5eolQAZ49C4,Kappo Masa
313,https://www.nytimes.com/2012/08/22/dining/reviews/la-vara-in-cobble-hill-brooklyn-restaurant-review.html,la vara in cobble hill brooklyn ,0,CLOSED_TEMPORARILY,"268 Clinton St, Brooklyn, NY 11201, United States",ChIJVT21BE9awokR_TVyGHmHvtU,La Vara
314,https://www.nytimes.com/2014/10/15/dining/restaurant-review-elan-in-the-flatiron-district.html, elan in the flatiron district,2,OPERATIONAL,"30 W 22nd St, New York, NY 10010, United States",ChIJn_Tkf6RZwokR0sTbuGSQGaI,Jac Elan
315,https://www.nytimes.com/2015/03/04/dining/restaurant-review-via-carota-in-the-west-village.html, via carota in the west village,2,OPERATIONAL,"51 Grove St, New York, NY 10014, United States",ChIJr7FOf5NZwokRu3CDYtzVmuQ,Via Carota
316,https://www.nytimes.com/2015/10/28/dining/o-ya-review.html,o ya,1,CLOSED_PERMANENTLY,"120 E 28th St, New York, NY 10016, United States",ChIJh38-gKdZwokR6w8UWXtmCNc,o ya
317,https://www.nytimes.com/2012/10/03/dining/reviews/restaurant-review-calliope-in-the-east-village.html, calliope in the east village,0,CLOSED_PERMANENTLY,"84 E 4th St, New York, NY 10003, United States",ChIJMZVBsoRZwokR0Wlwrvzny_k,Calliope
318,https://www.nytimes.com/2014/10/01/dining/restaurant-review-keith-mcnallys-cherche-midi.html, keith mcnallys cherche midi,2,CLOSED_PERMANENTLY,"282 Bowery, New York, NY 10012, United States",ChIJpzIwwPpYwokRPAKAx9TVHrY,Cherche Midi
319,https://www.nytimes.com/2014/11/05/dining/restaurant-review-tuome-in-the-east-village.html, tuome in the east village,2,OPERATIONAL,"536 E 5th St, New York, NY 10009, United States",ChIJU7iTdXhZwokR2n5XFHPVdAY,Tuome
320,https://www.nytimes.com/2015/01/28/dining/restaurant-review-blue-smoke-and-north-end-grill.html, blue smoke and north end grill,1,OPERATIONAL,"255 Vesey St, New York, NY 10282, United States",ChIJ9-FOdxtawokRqsxMeFMTGSo,Blue Smoke
321,https://www.nytimes.com/2013/01/02/dining/reviews/restaurant-review-thirty-acres-in-jersey-city.html, thirty acres in jersey city,2,CLOSED_PERMANENTLY,"500 Jersey Ave, Jersey City, NJ 07302, United States",ChIJpXO3_bNQwokR4eozhGWHAWc,Thirty Acres
322,https://www.nytimes.com/2012/12/12/dining/reviews/restaurant-review-royal-seafood-restaurant-in-chinatown.html, royal seafood  in chinatown,0,OPERATIONAL,"103 Mott St, New York, NY 10013, United States",ChIJf5eZgSdawokRMFzwX4PqajU,Royal Seafood
323,https://www.nytimes.com/2012/08/08/dining/reviews/nicoletta-nyc-restaurant-review.html,nicoletta nyc ,0,OPERATIONAL,"218 Lafayette St, New York, NY 10012, United States",ChIJ1fd4a6pZwokR4lm1oqV3rrs,Nicoletta
324,https://www.nytimes.com/2013/05/15/dining/reviews/restaurant-review-caravaggio-on-the-italian-upper-east-side.html, caravaggio on the italian upper east side,1,OPERATIONAL,"23 E 74th St, New York, NY 10021, United States",ChIJ9aRJopRYwokRTTPRXTCYgLE,Caravaggio
325,https://www.nytimes.com/2012/03/28/dining/reviews/a-review-of-la-mar-cebicheria-peruana-in-manhattan.html,a of la mar cebicheria peruana in manhattan,0,OPERATIONAL,"1400 2nd Ave, New York, NY 10021, United States",ChIJEXPLsaFZwokRggZzIVKeiPM,Mission Ceviche - Restaurant & Bar
326,https://www.nytimes.com/2013/08/21/dining/reviews/restaurant-review-the-pines-in-brooklyn.html, the pines in brooklyn,1,CLOSED_PERMANENTLY,"284 3rd Ave, Brooklyn, NY 11215, United States",ChIJrfOgnlVawokRx7lZaTmKX-w,The PINES
327,https://www.nytimes.com/2012/10/24/dining/reviews/restaurant-review-21-club-in-manhattan.html, 21 club in manhattan,0,OPERATIONAL,"21 W 52nd St, New York, NY 10019, United States",ChIJpZepXflYwokRNuSe6xAwprw,21 Club
328,https://www.nytimes.com/2014/11/26/dining/restaurant-review-bar-bolonat-in-the-west-village.html, bar bolonat in the west village,2,OPERATIONAL,"317 W 12th St, New York, NY 10014, United States",ChIJt19IT5VZwokRQOIjZPuswBM,Bar Bolonat
329,https://www.nytimes.com/2019/03/05/dining/madame-vo-bbq-review.html,madame vo bbq,1,OPERATIONAL,"104 2nd Ave, New York, NY 10003, United States",ChIJ7TJpZuRZwokR82Xfo6R5hIA,Madame Vo BBQ
330,https://www.nytimes.com/2013/04/03/dining/reviews/restaurant-review-hanjan-in-manhattan.html, hanjan in manhattan,2,CLOSED_TEMPORARILY,"36 W 26th St, New York, NY 10010, United States",ChIJTUF2t6VZwokRy5cs0pSuj74,Hanjan
331,https://www.nytimes.com/2014/10/29/dining/restaurant-review-blue-hill-in-greenwich-village.html, blue hill in greenwich village,3,OPERATIONAL,"75 Washington Pl, New York, NY 10011, United States",ChIJi9BURJFZwokRDcqvIgxdXds,Blue Hill
332,https://www.nytimes.com/2013/01/23/dining/reviews/restaurant-review-krescendo-in-boerum-hill-brooklyn.html, krescendo in boerum hill brooklyn,2,CLOSED_PERMANENTLY,"364 Atlantic Ave, Brooklyn, NY 11217, United States",ChIJQ0Hjm01awokR6VwedmudFXU,KRESCENDO
333,https://www.nytimes.com/2012/11/28/dining/reviews/restaurant-review-dirt-candy-in-the-east-village.html, dirt candy in the east village,0,OPERATIONAL,"86 Allen St, New York, NY 10002, United States",ChIJBXlte51ZwokRXzXtdaBG9xM,Dirt Candy
334,https://www.nytimes.com/2013/01/09/dining/reviews/restaurant-review-el-toro-blanco-in-the-west-village.html, el toro blanco in the west village,1,CLOSED_TEMPORARILY,"257 6th Ave, New York, NY 10014, United States",ChIJaeGOb5JZwokRllGi6Cdj6UQ,El Toro Blanco
335,https://www.nytimes.com/2012/08/29/dining/reviews/rosemarys-in-greenwich-village.html,rosemarys in greenwich village,0,OPERATIONAL,"18 Greenwich Ave, New York, NY 10011, United States",ChIJCW5gj5ZZwokRtfK4UZxkcr4,Rosemary's
336,https://www.nytimes.com/2013/10/23/dining/reviews/germanys-culinary-stars.html,germanys culinary stars,0,,,,
337,https://www.nytimes.com/2015/02/04/dining/restaurant-review-cosme-in-the-flatiron-district.html, cosme in the flatiron district,3,CLOSED_TEMPORARILY,"35 E 21st St, New York, NY 10010, United States",ChIJT-gYZKFZwokR7O8LLYuYMjU,Cosme
338,https://www.nytimes.com/2013/05/22/dining/reviews/restaurant-review-the-beatrice-inn-in-the-west-village.html, the beatrice inn in the west village,0,CLOSED_PERMANENTLY,"285 W 12th St, New York, NY 10014, United States",ChIJy0l_epVZwokR4tN_s6EzlWY,The Beatrice Inn
339,https://www.nytimes.com/2014/09/24/dining/restaurant-review-sammys-roumanian-steakhouse-on-the-lower-east-side.html, sammys roumanian steakhouse ,1,OPERATIONAL,"157 Chrystie St, New York, NY 10002, United States",ChIJ4RoRQYZZwokRqU9VYajdwLA,Famous Sammy's
340,https://www.nytimes.com/2012/02/22/dining/reviews/shake-shack-struggles-with-inconsistency.html,shake shack struggles with inconsistency,0,OPERATIONAL,"51 Astor Pl, New York, NY 10003, United States",ChIJS9HPkptZwokRB7xhkQAPqXg,Shake Shack
341,https://www.nytimes.com/2014/09/10/dining/restaurant-review-barchetta-in-chelsea.html, barchetta in chelsea,1,CLOSED_PERMANENTLY,"461 W 23rd St, New York, NY 10011, United States",ChIJiSvO0rlZwokRSFEYm8Wdykc,Barchetta
342,https://www.nytimes.com/2012/12/05/dining/reviews/restaurant-review-moti-mahal-delux-in-manhattan.html, moti mahal delux in manhattan,0,OPERATIONAL,"1149 1st Avenue, New York, NY 10065, United States",ChIJA3C4DuhYwokR2UT5yg9AZR0,Moti Mahal Delux
343,https://www.nytimes.com/2012/05/23/dining/reviews/le-bernardin-in-midtown-manhattan.html,le bernardin in midtown manhattan,0,OPERATIONAL,"153 W 51st St, New York, NY 10019, United States",ChIJ7zfF7fhYwokRMba4KkIGreU,Le Bernardin Privé
344,https://www.nytimes.com/2013/01/16/dining/reviews/restaurant-review-arlington-club-on-the-upper-east-side.html, arlington club on the upper east side,2,CLOSED_PERMANENTLY,"1032 Lexington Ave, New York, NY 10021, United States",ChIJ_SXczepYwokRH2OEDzF41so,Lexington Club
345,https://www.nytimes.com/2012/09/19/dining/reviews/le-cirque-in-manhattan.html,le cirque in manhattan,0,CLOSED_TEMPORARILY,"817 Broadway, New York, NY 10003, United States",ChIJLZ-CDplZwokRclJZdjJwG9M,Le Cirque Auctions
346,https://www.nytimes.com/2012/06/13/dining/reviews/hakkasan-new-york-in-midtown.html,hakkasan new york in midtown,0,CLOSED_PERMANENTLY,"311 W 43rd St, New York, NY 10036, United States",ChIJP_pgdFNYwokRMY0bfj249WE,Hakkasan New York
347,https://www.nytimes.com/2012/02/29/dining/reviews/jungsik-intribeca-reinterprets-korean-cuisine.html,jungsik intribeca reinterprets korean cuisine,0,OPERATIONAL,"2 Harrison St, New York, NY 10013, United States",ChIJpSTN0R9awokRI29rK_SfbeA,Jungsik
348,https://www.nytimes.com/2014/10/22/dining/restaurant-review-blenheim-in-the-west-village.html, blenheim in the west village,1,CLOSED_PERMANENTLY,"283 W 12th St, New York, NY 10014, United States",ChIJ4dqYcJVZwokR_j65bGINb2Y,Blenheim
349,https://www.nytimes.com/2019/04/23/dining/wayan-restaurant-review.html,wayan ,2,OPERATIONAL,"20 Spring St, New York, NY 10012, United States",ChIJm7ryTglZwokRsgnJB6CDMCo,Wayan
350,https://www.nytimes.com/2013/03/20/dining/reviews/restaurant-review-chez-sardine-in-the-west-village.html, chez sardine in the west village,1,CLOSED_PERMANENTLY,"183 W 10th St, New York, NY 10014, United States",ChIJ9azGZ5RZwokRKkfKjaYGszg,Bar Sardine
351,https://www.nytimes.com/2013/02/20/dining/reviews/restaurant-review-louro-in-greenwich-village.html, louro in greenwich village,1,CLOSED_PERMANENTLY,"142 W 10th St, New York, NY 10014, United States",ChIJy5YwJ5RZwokR_cR8wRSAlhs,Louro
352,https://www.nytimes.com/2019/07/02/dining/lokanta-review-turkish-food.html,lokanta turkish food,2,OPERATIONAL,"325 W 57th St, New York, NY 10019, United States",ChIJI7O0Y1hYwokRt_SnNTsnqKE,ABA Turkish Restaurant
353,https://www.nytimes.com/2019/04/09/dining/haenyeo-restaurant-review-jenny-kwak.html,haenyeo  jenny kwak,2,OPERATIONAL,"239 5th Ave, Brooklyn, NY 11215, United States",ChIJVVXpcQBbwokRtKzSlyOoW1Y,Haenyeo
354,https://www.nytimes.com/2019/05/28/dining/kawi-restaurant-review.html,kawi ,2,CLOSED_TEMPORARILY,"20 Hudson Yards, New York, NY 10001, United States",ChIJDZ33EA1ZwokRriNiX5sqAwg,Kāwi
355,https://www.nytimes.com/2018/07/24/dining/momofuku-ko-bar-review.html,momofuku ko bar,2,CLOSED_TEMPORARILY,"8 Extra Pl, New York, NY 10003, United States",ChIJ52_NDDlZwokRpqXExgV5Cy8,Bar at Momofuku Ko
356,https://www.nytimes.com/2015/02/25/dining/restaurant-review-semilla-in-williamsburg-brooklyn.html, semilla in williamsburg brooklyn,2,CLOSED_PERMANENTLY,"160 Havemeyer St #5, Brooklyn, NY 11211, United States",ChIJlY3sIuBbwokRjPPKyOXw6-0,Semilla
357,https://www.nytimes.com/2018/01/09/dining/ferris-review-chelsea.html,ferris chelsea,2,CLOSED_PERMANENTLY,"44 W 29th St, New York, NY 10001, United States",ChIJAQAsWK9ZwokR57OChi6oNxI,Ferris
358,https://www.nytimes.com/2014/08/20/dining/restaurant-review-delaware-and-hudson.html, delaware and hudson,1,CLOSED_PERMANENTLY,"135 N 5th St, Brooklyn, NY 11249, United States",ChIJwW62AF5ZwokRQGPb9WHfArA,Delaware and Hudson
359,https://www.nytimes.com/2019/05/14/dining/del-posto-review-pete-wells.html,del posto ,3,OPERATIONAL,"85 10th Ave, New York, NY 10011, United States",ChIJcVkmssBZwokRIpIrjLflCwE,Del Posto
360,https://www.nytimes.com/2014/07/30/dining/restaurant-review-russ-daughters-cafe.html, russ daughters cafe,2,OPERATIONAL,"127 Orchard St, New York, NY 10002, United States",ChIJ53yq2oZZwokRqIHSP4qZT3o,Russ & Daughters Cafe
361,https://www.nytimes.com/2013/04/17/dining/reviews/restaurant-review-manzanilla-in-manhattan.html, manzanilla in manhattan,1,OPERATIONAL,"Entrance on Rutgers, 26 Canal St, New York, NY 10002, United States",ChIJSenNfB1bwokRf9MgWkMMdaQ,Manzanilla Hair Studio
362,https://www.nytimes.com/2013/03/13/dining/reviews/restaurant-review-jeepney-in-the-east-village-pig-and-khao-on-the-lower-east-side.html, jeepney in the east village pig and khao ,2,OPERATIONAL,"201 1st Avenue, New York, NY 10003, United States",ChIJe2Or_Z1ZwokRjmxH6BRtkng,Jeepney
363,https://www.nytimes.com/2014/12/03/dining/restaurant-review-danny-meyers-marta-in-nomad.html, danny meyers marta in nomad,2,OPERATIONAL,"29 E 29th St, New York, NY 10016, United States",ChIJK0fVw6dZwokRZuF-vAUC4II,Marta
364,https://www.nytimes.com/2019/07/09/dining/701west-restaurant-review.html,701west ,3,OPERATIONAL,"701 7th Ave 11th floor, New York, NY 10036, United States",ChIJH2n961VYwokRs_E7sLLvdNc,701West
365,https://www.nytimes.com/2014/10/08/dining/restaurant-review-huertas-in-the-east-village.html, huertas in the east village,2,OPERATIONAL,"107 1st Avenue, New York, NY 10003, United States",ChIJ0bez3pxZwokR1q3LfQLrRDU,Huertas
366,https://www.nytimes.com/2013/06/19/dining/reviews/restaurant-review-kajitsu-in-murray-hill.html, kajitsu in murray hill,2,OPERATIONAL,"125 E 39th St, New York, NY 10016, United States",ChIJ74OVUQFZwokRbrVbu_KUlgo,Kajitsu
367,https://www.nytimes.com/2013/06/12/dining/reviews/restaurant-review-montmartre-in-chelsea.html, montmartre in chelsea,2,CLOSED_PERMANENTLY,"158 8th Ave, New York, NY 10011, United States",ChIJ7YCJp75ZwokRKqW3TfnNLhs,Montmartre
368,https://www.nytimes.com/2013/02/06/dining/reviews/restaurant-review-maysville-in-manhattan.html, maysville in manhattan,2,CLOSED_PERMANENTLY,"17 W 26th St, New York, NY 10010, United States",ChIJbafTz6VZwokRMOYaspUwj28,Maysville
369,https://www.nytimes.com/2013/09/11/dining/reviews/restaurant-review-armani-ristorante-fifth-avenue-in-midtown.html, armani ristorante fifth avenue in midtown,2,OPERATIONAL,"717 5th Ave, New York, NY 10022, United States",ChIJeSZBWPpYwokR8YKIpFMSEd0,Armani/Ristorante 5th Avenue
370,https://www.nytimes.com/2013/06/05/dining/reviews/restaurant-review-carbone-in-manhattan.html, carbone in manhattan,3,OPERATIONAL,"181 Thompson St, New York, NY 10012, United States",ChIJmSvG_ZFZwokRTOFeiLXzkmA,Carbone
371,https://www.nytimes.com/2013/02/13/dining/reviews/restaurant-review-aska-in-williamsburg-brooklyn.html, aska in williamsburg brooklyn,0,OPERATIONAL,"47 S 5th St, Brooklyn, NY 11249, United States",ChIJUwatTl1ZwokRUDXxYoFa-hk,Aska
372,https://www.nytimes.com/2012/06/27/dining/reviews/pok-pok-ny-brooklyn-restaurant-review.html,pok pok ny brooklyn ,0,CLOSED_PERMANENTLY,"117 Columbia St, Brooklyn, NY 11231, United States",ChIJycIXvVxawokRRHMvIHVBMPs,Pok Pok NY
373,https://www.nytimes.com/2019/06/18/dining/van-da-restaurant-review.html,van da ,1,CLOSED_TEMPORARILY,"234 E 4th St, New York, NY 10009, United States",ChIJkdfww09ZwokRyOEXAqIS5RU,Van Da
374,https://www.nytimes.com/2012/03/07/dining/reviews/redfarm-in-the-west-village-turns-up-the-flavors.html,redfarm in the west village turns up the flavors,0,OPERATIONAL,"529 Hudson St, New York, NY 10014, United States",ChIJx3LV_bWAj4ARlW17cSsmwp4,RedFarm
375,https://www.nytimes.com/2012/08/15/dining/reviews/biang-nyc-restaurant-review.html,biang nyc ,0,CLOSED_PERMANENTLY,"157 2nd Ave, New York, NY 10003, United States",ChIJZRuFQJxZwokRijCkgsAl7WY,Biang!
376,https://www.nytimes.com/2012/07/11/dining/reviews/almayass-in-manhattan-restaurant-review.html,almayass in manhattan ,0,CLOSED_PERMANENTLY,"24 E 21st St, New York, NY 10010, United States",ChIJCX6t2KNZwokRbJZdnseGjrY,Almayass
377,https://www.nytimes.com/2014/12/10/dining/restaurant-review-dirty-french-on-the-lower-east-side.html, dirty french ,2,CLOSED_TEMPORARILY,"180 Ludlow St, New York, NY 10002, United States",ChIJrXEiw4NZwokRxp0-JU8sJ-I,Dirty French
378,https://www.nytimes.com/2014/08/27/dining/restaurant-review-batard-in-tribeca.html, batard in tribeca,3,OPERATIONAL,"239 W Broadway, New York, NY 10013, United States",ChIJc1uHuopZwokReG0qC_lrCd8,Bâtard
379,https://www.nytimes.com/2012/07/18/dining/reviews/atera-in-tribeca.html,atera in tribeca,0,OPERATIONAL,"77 Worth St, New York, NY 10013, United States",ChIJ_Y7rMCBawokR0mnRmN5kL2o,atera
380,https://www.nytimes.com/2012/03/14/dining/reviews/acme-signals-the-arrival-of-new-nordic-cuisine.html,acme signals the arrival of new nordic cuisine,0,CLOSED_TEMPORARILY,"9 Great Jones St, New York, NY 10012, United States",ChIJySiQrZpZwokRvSPZxjsdziM,ACME
381,https://www.nytimes.com/2018/06/26/dining/the-islands-review.html,the islands,1,OPERATIONAL,"671 Washington Ave, Brooklyn, NY 11238, United States",ChIJIe7xbKFbwokR43TQxmuPmJU,The Islands
382,https://www.nytimes.com/2013/01/30/dining/reviews/restaurant-review-lakruwana-on-staten-island.html, lakruwana on staten island,1,OPERATIONAL,"668 Bay St, Staten Island, NY 10304, United States",ChIJ03HMlbRPwokR4dG6Dhon-A4,Lakruwana
383,https://www.nytimes.com/2015/02/11/dining/restaurant-review-kao-soy-in-red-hook-brooklyn.html, kao soy in red hook brooklyn,1,CLOSED_PERMANENTLY,"283 Van Brunt St, Brooklyn, NY 11231, United States",ChIJ18lubIpawokRFv14CAWWIZI,Kao Soy
384,https://www.nytimes.com/2013/05/08/dining/reviews/restaurant-review-pearl-ash-on-the-bowery.html, pearl ash on the bowery,2,CLOSED_PERMANENTLY,"220 Bowery, New York, NY 10012, United States",ChIJTwUiDIZZwokR4m7uqSHRCYg,Pearl & Ash
385,https://www.nytimes.com/2019/06/04/dining/una-pizza-napoletana-review.html,una pizza napoletana,2,CLOSED_TEMPORARILY,"175 Orchard St, New York, NY 10002, United States",ChIJAbYL-YNZwokRIfs6jgmbXqg,Una Pizza Napoletana
386,https://www.nytimes.com/2018/08/21/dining/nobu-downtown-review-nobu-57.html,nobu downtown nobu 57,1,OPERATIONAL,"40 W 57th St, New York, NY 10019, United States",ChIJPX5iCfpYwokRACnACAf2pJw,Nobu Fifty Seven
387,https://www.nytimes.com/2015/10/14/dining/restaurant-review-momofuku-ko-east-village.html, momofuku ko east village,3,OPERATIONAL,"8 Extra Pl, New York, NY 10003, United States",ChIJkXQ3_INZwokRcJD47PFAGvQ,Momofuku Ko
388,https://www.nytimes.com/2013/07/10/dining/reviews/restaurant-review-alder-in-the-east-village.html, alder in the east village,2,CLOSED_PERMANENTLY,"157 2nd Ave, New York, NY 10003, United States",ChIJUwK-QJxZwokRxqfh2Yp6r-s,Alder
389,https://www.nytimes.com/2012/06/20/dining/reviews/the-nomad-in-new-york.html,the nomad in new york,0,,,,
390,https://www.nytimes.com/2019/10/08/dining/bread-and-salt-review-pizza.html,bread and salt pizza,2,OPERATIONAL,"435 Palisade Ave, Jersey City, NJ 07307, United States",ChIJXyz2Q_VXwokRE7QKvakjz78,Bread & Salt
391,https://www.nytimes.com/2019/03/26/dining/violet-pizza-review.html,violet pizza,1,CLOSED_PERMANENTLY,"511 E 5th St, New York, NY 10009, United States",ChIJoT8KgTJZwokRgbL0BAqze14,Violet East Village
392,https://www.nytimes.com/2019/02/26/dining/oxalis-restaurant-review.html,oxalis ,1,CLOSED_TEMPORARILY,"791 Washington Ave, Brooklyn, NY 11238, United States",ChIJM36iQC1bwokRcElKkfIFYxY,Oxalis
393,https://www.nytimes.com/2019/08/13/dining/pastis-review.html,pastis,2,OPERATIONAL,"52 Gansevoort St, New York, NY 10014, United States",ChIJ8U_F9b9ZwokRTaHyDKWRNSg,Pastis
394,https://www.nytimes.com/2019/05/07/dining/the-freakin-rican-restaurant-review.html,the freakin rican ,1,OPERATIONAL,"4306 34th Ave, Queens, NY 11101, United States",ChIJzf1Na6ZZwokRObyBjikYvqU,The Freakin Rican
395,https://www.nytimes.com/2018/11/06/dining/mamas-too-review.html,mamas too,1,OPERATIONAL,"2750 Broadway, New York, NY 10025, United States",ChIJ5-8q3ST2wokRUmUlDRQUb7g,Mama's TOO!
396,https://www.nytimes.com/2018/02/20/dining/tetsu-review-tribeca-masayoshi-takayama.html,tetsu tribeca masayoshi takayama,2,CLOSED_PERMANENTLY,"78 Leonard St, New York, NY 10013, United States",ChIJN1hfPiBawokRS_ESgA9LuWA,Tetsu
397,https://www.nytimes.com/2012/10/17/dining/reviews/restaurant-review-blanca-in-bushwick.html, blanca in bushwick,0,CLOSED_TEMPORARILY,"261 Moore St, Brooklyn, NY 11206, United States",ChIJrSjk6QBcwokRJ12Xetu0rX4,Blanca
398,https://www.nytimes.com/2013/03/06/dining/reviews/restaurant-review-mighty-quinns-barbeque-in-the-east-village.html, mighty quinns barbeque in the east village,2,OPERATIONAL,"103 2nd Ave, New York, NY 10003, United States",ChIJmY35mpxZwokRqGzYDD-4sJI,Mighty Quinn's Barbeque
399,https://www.nytimes.com/2018/03/13/dining/indian-restaurants-manhattan-babu-ji.html,indian s manhattan babu ji,0,CLOSED_TEMPORARILY,"22 E 13th St, New York, NY 10003, United States",ChIJIX_H4nZZwokRg7yPEoEY8PM,Babu Ji
400,https://www.nytimes.com/2013/07/17/dining/reviews/restaurant-review-hog-hominy-in-memphis.html, hog hominy in memphis,0,CLOSED_TEMPORARILY,"707 W Brookhaven Cir, Memphis, TN 38117, United States",ChIJCToorGOEf4gR7Emn1GATmSs,Hog & Hominy
401,https://www.nytimes.com/2012/02/15/dining/reviews/il-buco-alimentari-e-vineria-nyc-restaurant-review.html,il buco alimentari e vineria nyc ,0,OPERATIONAL,"53 Great Jones St, New York, NY 10012, United States",ChIJYUQdLoVZwokRBjKzg6PAaa8,Il Buco Alimentari & Vineria
402,https://www.nytimes.com/2019/06/25/dining/tak-room-review-thomas-keller.html,tak room thomas keller,2,CLOSED_TEMPORARILY,"20 Hudson Yards 5th Floor, New York, NY 10001, United States",ChIJRRKLvflZwokRHScfHXdl3Cs,TAK Room
403,https://www.nytimes.com/2019/04/02/dining/standard-grill-review.html,standard grill,2,OPERATIONAL,"The Standard, High Line, 848 Washington St, New York, NY 10014, United States",ChIJN-93ZsBZwokRonoT5y_yB1c,The Standard Grill
404,https://www.nytimes.com/2012/09/26/dining/reviews/restaurant-review-ichimura-at-brushstroke-in-tribeca.html, ichimura at brushstroke in tribeca,0,CLOSED_PERMANENTLY,"30 Hudson St, New York, NY 10013, United States",ChIJDwQNBx9awokRZ7FDTS7OuhY,Ichimura at Brushstroke
405,https://www.nytimes.com/2013/04/10/dining/reviews/making-houston-a-dining-destination.html,making houston a dining destination,0,,,,
406,https://www.nytimes.com/2007/08/01/dining/reviews/01brie.html,01brie,0,,,,
407,https://www.nytimes.com/2012/12/05/dining/reviews/for-wine-enthusiasts-a-few-new-reference-books.html,for wine enthusiasts a few new reference books,0,,,,
408,https://www.nytimes.com/2010/03/10/dining/reviews/10Rest.html,10Rest,0,,,,
409,https://www.nytimes.com/2012/12/26/dining/reviews/12-restaurant-triumphs-of-2012.html,12  triumphs of 2012,0,,,,
410,https://www.nytimes.com/2018/08/30/dining/shik-review-korean-melbourne.html,shik korean melbourne,0,,,,
411,https://www.nytimes.com/2007/10/10/dining/reviews/10brie.html,10brie,0,,,,
412,https://www.nytimes.com/2011/06/08/dining/reviews/reds-from-roussillon-into-the-sunlight-wine-review.html,reds from roussillon into the sunlight wine,0,OPERATIONAL,"299 Sands St Building 275 Suite 202, Brooklyn, NY 11201, United States",ChIJBXiB8M9bwokRo0olHelBBc4,Rooftop Reds
413,https://www.nytimes.com/2011/04/20/dining/reviews/20Rest.html,20Rest,1,,,,
414,https://www.nytimes.com/2014/01/22/dining/the-enemy-is-not-pinot-grigio.html,the enemy is not pinot grigio,0,,,,
415,https://www.nytimes.com/2007/07/18/dining/reviews/18brie.html,18brie,0,,,,
416,https://www.nytimes.com/2017/11/30/dining/drinks/wine-books-gifts.html,drinks/wine books gifts,0,OPERATIONAL,"Westfield Shoppingtown, CA-111 #425, Palm Desert, CA 92260, United States",ChIJy0X0Iwv-2oARFKhslkQPFPw,Barnes & Noble
417,https://www.nytimes.com/2012/02/08/dining/reviews/cote-rotie-and-its-various-styles-the-pour.html,cote rotie and its various styles the pour,0,,,,
418,https://www.nytimes.com/2013/11/13/dining/reviews/dry-cider-an-american-favorite-rebounds.html,dry cider an american favorite rebounds,0,OPERATIONAL,"#209, 52-5 Flushing Ave, Maspeth, NY 11378, United States",ChIJmSXdwaJewokRSeJAweVly18,Descendant Cider Company
419,https://www.nytimes.com/2009/10/28/dining/reviews/28wine.html,28wine,0,,,,
420,https://www.nytimes.com/2010/09/22/dining/reviews/22pour.html,22pour,0,,,,
421,https://www.nytimes.com/2012/03/28/dining/reviews/beer-review-american-porters.html,beer american porters,0,CLOSED_TEMPORARILY,"94 Orchard St, New York, NY 10002, United States",ChIJHyosO4dZwokRCwEJTFAjViM,Top Hops Beer Shop
